ID,Burn_year,Sides
2,2009,At least 1 side
4,2021,All sides
5,2021,All sides
6,2021,At least 1 side
7,2021,All sides
8,2021,All sides
9,2021,All sides
10,2021,All sides
11,1987,At least 1 side
12,2019,At least 1 side
12,2021,At least 1 side
13,2019,All sides
14,2007,At least 1 side
14,2019,At least 1 side
14,2021,At least 1 side
15,2007,All sides
16,2007,All sides
17,2019,All sides
18,2019,All sides
19,2019,All sides
20,2019,All sides
21,2007,All sides
24,2014,At least 1 side
25,2014,At least 1 side
28,2008,All sides
32,2000,All sides
33,2012,All sides
34,2021,All sides
35,2021,All sides
36,2021,All sides
37,2021,All sides
38,2021,All sides
39,2021,All sides
42,2015,At least 1 side
44,2009,At least 1 side
55,1992,All sides
68,2014,At least 1 side
69,2021,At least 1 side
70,2021,All sides
71,2021,All sides
72,2021,At least 1 side
75,2021,All sides
76,2021,All sides
77,2012,All sides
78,2021,All sides
79,2000,All sides
80,2021,All sides
81,2021,All sides
82,2000,All sides
83,2000,All sides
84,2000,All sides
85,2000,All sides
86,2021,All sides
87,2021,All sides
88,2021,All sides
89,2021,All sides
92,2021,All sides
93,2021,All sides
94,2021,All sides
95,2021,All sides
96,2021,All sides
97,2021,All sides
98,2021,All sides
99,2021,All sides
100,2021,All sides
101,2021,All sides
102,2021,All sides
103,2021,All sides
104,2021,All sides
105,2021,All sides
106,2021,All sides
107,2021,All sides
108,2021,All sides
109,2021,All sides
110,2021,All sides
111,2021,All sides
112,2021,All sides
113,2021,All sides
114,2000,All sides
115,2000,All sides
116,2012,All sides
117,2000,All sides
118,2021,All sides
119,2021,All sides
120,2021,All sides
121,2021,All sides
122,2021,All sides
128,1987,At least 1 side
129,1987,All sides
130,1987,All sides
131,1987,All sides
170,1992,At least 1 side
172,2021,At least 1 side
173,2021,All sides
175,1992,All sides
176,2014,All sides
183,2021,All sides
187,1987,All sides
188,2021,All sides
190,2014,All sides
191,2014,All sides
192,2014,All sides
193,2014,All sides
194,2014,All sides
195,2014,All sides
219,2008,All sides
220,2008,All sides
221,2008,All sides
222,1984,All sides
223,1984,All sides
224,1987,All sides
225,2016,All sides
227,1990,All sides
228,2016,All sides
231,1990,All sides
232,1990,All sides
233,2021,At least 1 side
234,1990,All sides
236,1990,All sides
237,1990,All sides
238,2021,All sides
239,2021,All sides
240,2021,All sides
242,2021,All sides
243,2021,All sides
244,2021,All sides
245,2000,All sides
246,2021,All sides
247,2021,All sides
248,2002,All sides
249,2002,All sides
250,2021,All sides
252,2021,All sides
253,2021,All sides
254,2021,All sides
256,2021,All sides
257,2021,All sides
258,2021,All sides
260,2021,All sides
261,2021,All sides
262,2002,All sides
264,2016,All sides
265,2021,All sides
266,2002,All sides
267,2016,All sides
269,2002,All sides
271,2021,All sides
272,2002,All sides
273,2021,All sides
274,2016,All sides
275,2002,At least 1 side
276,2016,All sides
277,2021,All sides
278,2021,All sides
279,2021,All sides
280,2016,All sides
282,2002,At least 1 side
285,2021,All sides
286,2021,All sides
288,2021,All sides
289,2021,All sides
293,2021,All sides
295,2021,All sides
296,2021,All sides
297,2021,All sides
298,2002,All sides
301,2021,All sides
302,2021,All sides
303,2002,All sides
304,2002,All sides
305,2002,All sides
306,2002,All sides
307,2021,All sides
309,2002,All sides
310,2021,All sides
311,2002,All sides
312,2021,All sides
314,2002,At least 1 side
316,2002,All sides
317,2021,All sides
318,2002,All sides
319,2021,All sides
320,2002,All sides
321,2002,All sides
322,2021,All sides
323,2021,All sides
324,2021,All sides
325,2002,All sides
326,2021,All sides
328,2021,All sides
329,2002,All sides
330,2021,All sides
331,2002,All sides
332,2002,At least 1 side
333,2002,All sides
334,2002,All sides
336,2017,At least 1 side
338,2021,All sides
339,2000,At least 1 side
340,2002,All sides
341,2021,All sides
344,2002,All sides
345,2002,All sides
346,2016,All sides
347,2021,All sides
348,2016,At least 1 side
348,2021,At least 1 side
349,2016,All sides
350,2021,All sides
351,2021,All sides
352,2020,All sides
353,2020,At least 1 side
353,2021,At least 1 side
354,2020,All sides
356,2020,At least 1 side
357,2002,All sides
359,2020,All sides
360,2020,All sides
361,2003,All sides
362,2020,All sides
364,2003,At least 1 side
364,2003,At least 1 side
365,2020,All sides
366,2020,All sides
367,2020,All sides
369,2005,At least 1 side
370,2020,All sides
372,2002,All sides
373,2003,At least 1 side
373,2003,At least 1 side
375,2020,All sides
376,2020,All sides
378,2020,All sides
379,2020,All sides
380,2020,All sides
384,2020,All sides
385,2020,All sides
387,2020,All sides
388,2020,All sides
389,2009,All sides
390,2020,All sides
393,2020,All sides
394,2020,At least 1 side
394,2009,At least 1 side
396,2020,All sides
398,2020,All sides
399,2020,All sides
401,2020,All sides
402,2020,All sides
403,2020,All sides
404,2020,All sides
406,2009,All sides
408,2020,All sides
409,2009,All sides
410,2009,All sides
412,2020,All sides
413,2020,All sides
414,2009,All sides
415,2020,All sides
416,2020,All sides
417,2020,All sides
418,2020,All sides
420,2020,All sides
421,2020,All sides
422,2020,All sides
424,2020,All sides
425,2020,All sides
426,2020,All sides
427,2020,All sides
428,2020,All sides
429,2020,All sides
430,2009,All sides
432,2002,All sides
435,2020,All sides
436,2020,All sides
437,2009,All sides
438,2020,All sides
439,2020,All sides
440,2020,All sides
441,2020,All sides
442,2020,All sides
443,2020,All sides
444,2020,All sides
445,2020,All sides
446,2020,All sides
447,2020,All sides
448,2020,All sides
449,2020,All sides
450,2020,All sides
451,2020,All sides
452,2020,All sides
453,2020,All sides
454,2020,All sides
455,2020,All sides
456,2020,All sides
457,2020,All sides
458,2020,All sides
459,2020,All sides
460,2020,All sides
461,2020,All sides
462,2017,All sides
463,2020,At least 1 side
463,2017,At least 1 side
464,2017,All sides
465,2020,All sides
466,2020,All sides
467,2020,All sides
468,2020,All sides
469,2020,All sides
470,2020,All sides
471,2020,All sides
472,2020,All sides
473,2020,All sides
474,2015,At least 1 side
474,2016,At least 1 side
475,2020,All sides
476,2020,All sides
477,2020,All sides
478,2020,All sides
479,2011,All sides
480,2020,All sides
481,2017,All sides
482,2017,All sides
483,2015,All sides
484,2006,All sides
485,2020,All sides
486,2015,At least 1 side
488,2020,At least 1 side
490,2011,All sides
491,2011,At least 1 side
492,2011,At least 1 side
493,2011,All sides
494,2020,At least 1 side
494,2003,At least 1 side
495,2017,All sides
496,2011,All sides
497,2011,All sides
498,2011,All sides
499,2011,All sides
500,2011,All sides
501,2011,All sides
505,2021,At least 1 side
506,2021,At least 1 side
507,2021,At least 1 side
509,2021,All sides
512,2021,All sides
513,2021,At least 1 side
521,2021,At least 1 side
534,2021,At least 1 side
557,2021,At least 1 side
565,2015,All sides
568,2015,All sides
570,2015,At least 1 side
572,2015,All sides
577,2015,All sides
578,2015,All sides
580,2015,All sides
583,2015,All sides
585,2015,All sides
589,2015,All sides
592,2015,All sides
593,2015,All sides
594,2015,All sides
595,2015,All sides
596,2015,All sides
597,2015,At least 1 side
598,2010,At least 1 side
599,2015,All sides
600,2015,All sides
601,2010,All sides
602,2010,All sides
603,2015,All sides
604,2015,All sides
605,2015,All sides
606,2015,All sides
607,2015,At least 1 side
608,2015,At least 1 side
609,2015,All sides
611,2015,All sides
613,2015,All sides
614,2015,At least 1 side
615,2015,All sides
616,2015,All sides
617,2015,All sides
618,1997,All sides
619,1997,All sides
620,1997,All sides
622,2006,At least 1 side
624,2021,All sides
626,2015,All sides
627,2021,All sides
630,2020,All sides
631,2021,All sides
632,1997,At least 1 side
633,2015,All sides
637,2002,All sides
638,2002,All sides
639,2002,All sides
640,2002,All sides
641,2002,All sides
642,2002,All sides
643,2002,All sides
644,2002,All sides
645,2002,All sides
646,2002,All sides
660,2003,At least 1 side
662,2020,All sides
663,2020,All sides
664,2020,All sides
665,2020,All sides
666,2020,All sides
667,2020,All sides
668,2020,All sides
669,2020,All sides
670,2002,At least 1 side
671,2002,All sides
678,2015,All sides
680,2021,All sides
684,2020,All sides
685,2017,All sides
686,2017,All sides
687,2020,All sides
688,2020,All sides
689,2020,At least 1 side
690,2017,All sides
691,2011,All sides
692,2017,All sides
693,2017,All sides
694,2020,All sides
695,2020,All sides
696,2020,All sides
697,2021,All sides
698,2021,At least 1 side
711,2006,At least 1 side
712,2005,At least 1 side
713,2005,At least 1 side
713,2003,At least 1 side
718,2009,At least 1 side
720,2009,All sides
721,2021,All sides
722,1990,All sides
723,1990,All sides
724,1990,All sides
725,1990,All sides
726,1990,All sides
727,2016,All sides
728,1990,All sides
729,1990,All sides
730,1990,All sides
731,1990,All sides
732,1990,All sides
733,2016,All sides
734,2016,All sides
735,2021,At least 1 side
736,1990,All sides
737,1990,All sides
738,1990,All sides
739,1990,All sides
740,1990,All sides
741,1990,All sides
742,1990,All sides
743,1990,All sides
744,1990,All sides
745,2016,All sides
746,2020,All sides
748,2020,At least 1 side
750,2015,All sides
751,2015,All sides
753,2015,All sides
754,2015,All sides
755,2015,All sides
756,2015,All sides
757,2015,All sides
758,2008,All sides
759,2015,All sides
760,2015,All sides
763,2015,All sides
764,2015,At least 1 side
765,2015,All sides
767,2015,All sides
769,2015,All sides
771,2015,All sides
772,2015,All sides
773,2015,All sides
774,2015,All sides
775,2015,All sides
776,2015,All sides
777,2015,All sides
778,2015,All sides
781,2015,All sides
782,2008,At least 1 side
784,2015,All sides
785,2015,At least 1 side
786,2008,All sides
787,2017,At least 1 side
789,2015,All sides
790,2008,All sides
792,2015,All sides
795,2015,All sides
796,2015,All sides
797,2015,All sides
800,2015,All sides
801,2015,All sides
802,2015,All sides
803,2008,All sides
804,2015,All sides
807,2015,All sides
810,2008,All sides
813,2015,All sides
814,2015,All sides
816,2015,All sides
817,2015,All sides
818,2008,At least 1 side
819,2015,All sides
837,2008,All sides
840,2008,At least 1 side
875,2008,At least 1 side
1039,2020,All sides
1047,2020,All sides
1056,2020,At least 1 side
1057,2020,All sides
1092,2020,At least 1 side
1094,2020,All sides
1108,2020,All sides
1140,2020,At least 1 side
1168,2020,All sides
1175,2020,All sides
1180,2020,All sides
1188,2020,All sides
1192,2020,All sides
1197,2020,All sides
1204,2020,All sides
1206,2020,All sides
1207,2020,All sides
1218,2020,All sides
1219,2020,All sides
1225,2020,All sides
1227,2020,All sides
1263,2020,All sides
1275,2020,All sides
1285,2020,All sides
1288,2020,All sides
1289,2020,At least 1 side
1290,2020,All sides
1292,2020,All sides
1293,2020,All sides
1295,2020,All sides
1296,2020,All sides
1300,2020,All sides
1301,2020,All sides
1304,2020,All sides
1305,2020,All sides
1308,2020,At least 1 side
1312,2020,All sides
1315,2020,All sides
1316,2020,All sides
1319,2020,All sides
1323,2020,All sides
1325,2020,All sides
1328,2020,All sides
1331,2020,All sides
1334,2020,All sides
1335,2020,All sides
1336,2020,All sides
1338,2020,All sides
1339,2020,All sides
1340,2020,All sides
1341,2020,All sides
1342,2020,All sides
1346,2020,All sides
1347,2020,All sides
1348,2020,All sides
1350,2020,All sides
1351,2020,At least 1 side
1355,2020,All sides
1357,2020,All sides
1358,2020,All sides
1360,2020,All sides
1361,2020,All sides
1362,2020,All sides
1363,2020,All sides
1364,2020,All sides
1365,2020,All sides
1366,2020,All sides
1371,2020,All sides
1376,2020,All sides
1378,2020,All sides
1379,2020,All sides
1381,2020,All sides
1383,2020,All sides
1384,2020,All sides
1388,2020,All sides
1389,2020,All sides
1390,2020,All sides
1391,2020,All sides
1394,2020,All sides
1397,2020,All sides
1399,2020,All sides
1400,2020,All sides
1402,2020,All sides
1404,2020,All sides
1408,2015,All sides
1413,2020,All sides
1414,2020,All sides
1416,2020,All sides
1419,2020,All sides
1420,2020,At least 1 side
1421,2020,All sides
1423,2020,All sides
1424,2020,All sides
1427,2020,All sides
1428,2020,All sides
1430,2020,All sides
1435,2020,At least 1 side
1436,2020,All sides
1437,2020,All sides
1441,2020,At least 1 side
1444,2020,At least 1 side
1447,2020,All sides
1448,2020,At least 1 side
1449,2020,At least 1 side
1449,1988,At least 1 side
1453,2020,All sides
1460,2020,All sides
1463,2020,All sides
1464,2020,All sides
1471,2020,All sides
1472,2020,All sides
1474,2020,All sides
1475,2020,All sides
1478,2020,All sides
1480,2020,All sides
1485,2020,All sides
1486,2020,All sides
1494,2020,All sides
1495,2020,All sides
1497,2020,All sides
1498,2020,All sides
1500,2020,All sides
1501,2020,All sides
1508,2020,All sides
1509,2020,At least 1 side
1511,2020,All sides
1514,2013,All sides
1515,2020,All sides
1516,2020,All sides
1517,2020,All sides
1520,2020,All sides
1521,2020,All sides
1522,2020,All sides
1526,2020,All sides
1527,2020,All sides
1529,2020,All sides
1530,2020,All sides
1535,2020,All sides
1538,2020,All sides
1539,2020,All sides
1540,2020,All sides
1541,2020,All sides
1543,2020,All sides
1544,2020,All sides
1546,2020,All sides
1548,2020,All sides
1549,2020,All sides
1551,2020,All sides
1552,2020,All sides
1555,2020,All sides
1556,2020,All sides
1557,2020,All sides
1558,2020,All sides
1559,2020,All sides
1561,2020,All sides
1565,2020,All sides
1567,2020,All sides
1568,2020,All sides
1571,2020,All sides
1572,2020,At least 1 side
1574,2020,All sides
1576,2020,All sides
1578,2020,All sides
1581,2020,All sides
1582,2020,All sides
1585,2020,All sides
1588,2020,All sides
1589,2020,At least 1 side
1589,2016,At least 1 side
1590,2020,All sides
1593,2020,All sides
1595,2020,All sides
1596,2020,At least 1 side
1596,2016,At least 1 side
1598,2020,All sides
1599,2020,All sides
1600,2020,All sides
1601,2020,All sides
1602,2020,All sides
1604,2020,All sides
1605,2020,All sides
1608,2020,All sides
1612,2020,At least 1 side
1613,2020,All sides
1614,2020,All sides
1616,2020,All sides
1619,2020,All sides
1620,2020,All sides
1621,2020,All sides
1622,2020,All sides
1624,2020,At least 1 side
1626,2020,All sides
1627,2020,All sides
1629,2020,All sides
1630,2020,At least 1 side
1634,2020,All sides
1636,2020,All sides
1639,2020,All sides
1642,2020,All sides
1648,2020,All sides
1651,2020,All sides
1653,2017,All sides
1657,2020,All sides
1660,2020,All sides
1661,2020,All sides
1662,2020,All sides
1663,2020,All sides
1664,2020,All sides
1667,2020,All sides
1669,2020,All sides
1685,2020,All sides
1687,2020,All sides
1691,2020,All sides
1703,2020,All sides
1704,2020,All sides
1711,2020,All sides
1713,2020,All sides
1716,2020,All sides
1719,2020,All sides
1720,2017,All sides
1727,2020,All sides
1728,2020,At least 1 side
1731,2020,All sides
1732,2020,All sides
1739,2020,All sides
1753,2020,All sides
1754,2020,All sides
1755,2020,All sides
1758,2020,All sides
1761,2020,All sides
1763,2020,All sides
1765,2020,All sides
1767,2020,All sides
1769,2020,All sides
1770,2020,All sides
1771,2020,All sides
1773,2020,All sides
1781,2017,At least 1 side
1793,2020,All sides
1799,2017,At least 1 side
1800,2020,All sides
1803,2020,All sides
1805,2020,All sides
1818,2017,All sides
1819,2020,All sides
1820,2020,All sides
1825,2020,All sides
1833,2020,All sides
1834,2020,All sides
1838,2020,All sides
1841,2017,All sides
1843,2017,At least 1 side
1844,2017,All sides
1846,2020,All sides
1850,2020,All sides
1851,2020,All sides
1853,2020,All sides
1855,2020,All sides
1858,2020,All sides
1866,2020,All sides
1867,2020,All sides
1868,2020,All sides
1871,2020,All sides
1877,2020,All sides
1878,2020,All sides
1880,2020,All sides
1882,2020,All sides
1885,2020,All sides
1886,2020,All sides
1898,2020,All sides
1907,2020,At least 1 side
1910,2020,All sides
1919,2020,All sides
1927,2020,All sides
1932,2020,All sides
1935,2020,All sides
1936,2020,At least 1 side
1938,2020,All sides
1939,2020,All sides
1941,2020,All sides
1942,2020,All sides
1943,2020,All sides
1945,2020,All sides
1947,2020,All sides
1950,2020,All sides
1951,2020,All sides
1953,2020,All sides
1954,2022,All sides
1956,2022,All sides
1957,2020,All sides
1961,2020,All sides
1963,2020,At least 1 side
1967,2020,At least 1 side
1968,2020,All sides
1973,2020,All sides
1974,2013,At least 1 side
1974,2022,At least 1 side
1980,2020,All sides
1981,2022,All sides
1983,2020,All sides
1986,2017,All sides
1987,2017,All sides
1988,2022,All sides
1989,2020,All sides
1990,2020,All sides
1991,2022,At least 1 side
1992,2018,All sides
1993,2005,All sides
1994,2020,All sides
1995,2018,All sides
1996,2020,All sides
1997,2020,All sides
1998,2020,All sides
1999,2018,All sides
2000,2020,All sides
2001,2003,All sides
2002,2020,All sides
2003,2018,All sides
2004,2020,All sides
2005,2003,All sides
2006,2018,All sides
2007,2018,All sides
2008,2003,All sides
2009,2020,All sides
2010,2020,All sides
2011,2018,All sides
2012,2018,All sides
2014,2018,All sides
2015,2018,All sides
2016,2018,All sides
2017,2018,All sides
2018,2018,All sides
2019,2003,All sides
2020,2018,All sides
2022,2020,At least 1 side
2026,2018,All sides
2030,2020,All sides
2031,2018,All sides
2032,2018,All sides
2036,2018,At least 1 side
2037,2018,All sides
2038,2020,All sides
2040,2018,At least 1 side
2044,2020,At least 1 side
2045,2018,All sides
2046,2020,At least 1 side
2049,2020,All sides
2051,2018,At least 1 side
2053,2020,At least 1 side
2054,2018,All sides
2059,2020,At least 1 side
2065,2020,All sides
2070,2018,All sides
2111,2015,All sides
2112,2015,All sides
2113,2015,All sides
2134,2020,All sides
2138,2020,All sides
2147,2020,All sides
2150,2020,All sides
2151,2020,All sides
2152,2020,All sides
2166,2001,All sides
2168,2020,All sides
2169,2020,All sides
2171,2020,All sides
2178,2020,All sides
2184,2020,All sides
2186,2020,All sides
2189,2020,All sides
2191,2020,All sides
2192,2020,All sides
2193,2020,All sides
2194,2020,All sides
2196,2020,At least 1 side
2198,2020,All sides
2211,2020,All sides
2219,1988,All sides
2220,2016,All sides
2230,2015,All sides
2231,2008,All sides
2234,2015,All sides
2238,2020,All sides
2242,2020,All sides
2245,2020,All sides
2256,2017,At least 1 side
2258,2020,All sides
2260,2020,All sides
2261,2020,All sides
2262,2020,All sides
2264,2020,All sides
2266,2020,All sides
2272,2020,All sides
2275,2020,All sides
2277,2020,All sides
2279,2018,All sides
2282,2020,All sides
2283,2020,All sides
2286,2020,All sides
2287,2020,All sides
2291,2020,All sides
2293,2020,All sides
2294,2020,All sides
2295,2020,At least 1 side
2298,2020,All sides
2302,2020,All sides
2303,2020,All sides
2306,2020,All sides
2307,2020,All sides
2309,2020,All sides
2310,2020,All sides
2311,2020,All sides
2313,2017,All sides
2314,2017,All sides
2315,2020,All sides
2319,2020,All sides
2320,2020,All sides
2321,2020,All sides
2327,2020,All sides
2330,2020,All sides
2344,2020,All sides
2356,2020,All sides
2359,2020,All sides
2360,2020,All sides
2365,2020,All sides
2367,2022,All sides
2368,2015,At least 1 side
2369,2015,All sides
2370,2008,At least 1 side
2371,2015,All sides
2374,2015,All sides
2375,2008,All sides
2400,2020,All sides
2401,2020,All sides
2404,2020,All sides
2405,2020,All sides
2411,2020,All sides
2419,2020,All sides
2421,2020,All sides
2422,2020,At least 1 side
2428,2020,All sides
2431,2020,All sides
2437,2020,All sides
2441,2020,All sides
2443,2020,At least 1 side
2444,2020,All sides
2445,2020,At least 1 side
2447,2020,All sides
2448,2020,All sides
2450,2020,All sides
2452,2020,All sides
2454,2020,All sides
2458,2020,All sides
2459,2020,All sides
2462,2020,All sides
2463,2020,All sides
2465,2020,All sides
2467,2020,All sides
2469,2020,All sides
2470,2020,All sides
2471,2020,All sides
2473,2020,All sides
2474,2020,All sides
2475,2020,All sides
2476,2020,All sides
2480,2020,All sides
2482,2020,All sides
2486,2020,All sides
2489,2020,All sides
2490,2017,All sides
2503,2020,All sides
2506,2020,All sides
2509,2020,All sides
2515,2018,All sides
2518,2020,All sides
2519,2015,All sides
2520,2015,All sides
2523,2015,All sides
2524,2015,All sides
2525,2015,All sides
2526,2015,All sides
2527,2015,All sides
2528,2015,All sides
2529,2015,All sides
2555,1989,At least 1 side
2595,2020,At least 1 side
2615,2013,All sides
2616,2013,All sides
2617,2013,All sides
2618,2013,All sides
2623,2020,All sides
2624,2020,All sides
2625,2020,All sides
2626,2020,All sides
2627,2020,All sides
2629,2020,All sides
2630,2020,All sides
2631,2020,All sides
2632,2020,All sides
2633,2020,All sides
2634,2020,All sides
2635,2020,All sides
2636,2020,All sides
2651,2020,All sides
2654,2015,All sides
2655,2015,All sides
2660,2020,All sides
2666,2020,All sides
2667,2020,All sides
2668,2020,All sides
2669,2020,All sides
2670,2020,All sides
2671,2020,All sides
2672,2020,All sides
2673,2020,All sides
2674,2020,All sides
2675,2020,All sides
2676,2020,All sides
2677,2020,At least 1 side
2678,2020,All sides
2679,2020,All sides
2685,2020,All sides
2686,2020,All sides
2687,2020,All sides
2688,2020,All sides
2690,2020,All sides
2691,2020,All sides
2692,2020,All sides
2693,2020,All sides
2694,2020,All sides
2695,2020,All sides
2696,2020,All sides
2697,2020,All sides
2698,2020,All sides
2701,2020,All sides
2702,2020,All sides
2703,2020,At least 1 side
2705,2020,All sides
2706,2020,All sides
2707,2020,All sides
2708,2020,All sides
2709,2020,All sides
2710,2020,All sides
2711,2020,All sides
2712,2020,All sides
2713,2020,All sides
2714,2020,All sides
2715,2020,All sides
2716,2001,All sides
2717,2020,All sides
2719,2020,All sides
2730,2018,All sides
2731,2017,All sides
2732,2017,All sides
2733,2017,All sides
2734,2017,All sides
2739,2008,At least 1 side
2740,2008,At least 1 side
2747,2015,All sides
2748,2015,All sides
2772,2020,All sides
2809,2020,All sides
2810,2020,All sides
2811,2020,All sides
2812,2020,All sides
2813,2020,All sides
2836,2020,All sides
2838,2000,At least 1 side
2858,2020,All sides
2859,2020,All sides
2860,2020,All sides
2864,1989,All sides
2865,1989,At least 1 side
2871,2020,All sides
2872,2020,All sides
2873,2020,All sides
2874,2020,All sides
2875,2020,All sides
2876,2020,All sides
2877,2020,All sides
2878,2020,All sides
2879,2020,All sides
2880,2020,All sides
2881,2020,All sides
2882,2020,All sides
2883,2020,All sides
2885,2020,All sides
2886,2020,At least 1 side
2887,2020,All sides
2888,2020,All sides
2889,2020,All sides
2891,2020,At least 1 side
2892,2020,All sides
2893,2020,All sides
2895,2020,All sides
2935,2020,At least 1 side
2936,2020,All sides
2938,2020,At least 1 side
2943,2020,All sides
2944,2020,At least 1 side
2945,2020,All sides
2948,2020,At least 1 side
2950,2020,At least 1 side
2951,2020,All sides
2953,2020,All sides
2955,2020,All sides
2956,2020,All sides
2960,2020,All sides
2961,2020,All sides
2963,2015,All sides
2964,2015,All sides
2965,2015,All sides
2966,2015,All sides
2967,2015,All sides
2968,1989,At least 1 side
2969,1989,At least 1 side
2971,1989,At least 1 side
2972,1989,All sides
2973,1986,All sides
3013,2021,At least 1 side
3021,2020,All sides
3022,2020,All sides
3023,2020,All sides
3024,2020,All sides
3025,2020,All sides
3027,2020,At least 1 side
3027,2021,At least 1 side
3028,2020,All sides
3029,2020,At least 1 side
3030,2020,All sides
3031,2020,At least 1 side
3032,2020,At least 1 side
3053,2020,All sides
3054,2020,All sides
3057,2001,All sides
3059,2020,At least 1 side
3060,2020,All sides
3070,2018,All sides
3071,2017,At least 1 side
3071,2018,At least 1 side
3072,2017,All sides
3076,2017,All sides
3077,2022,All sides
3078,2022,All sides
3079,2020,All sides
3080,2020,All sides
3081,2020,At least 1 side
3082,2020,All sides
3105,2020,All sides
3106,2020,All sides
3107,2020,At least 1 side
3110,2020,All sides
3111,2018,All sides
3112,2020,All sides
3113,2020,All sides
3114,2020,All sides
3115,2010,All sides
3116,2010,All sides
3117,2018,All sides
3118,2018,All sides
3119,2020,All sides
3120,2020,All sides
3121,2020,All sides
3122,2020,All sides
3123,2020,All sides
3124,2018,All sides
3125,2018,All sides
3129,2018,All sides
3130,2020,At least 1 side
3131,2020,At least 1 side
3136,2020,At least 1 side
3137,2020,At least 1 side
3140,2020,At least 1 side
3161,2018,All sides
3162,2018,All sides
3163,2018,All sides
3164,2003,All sides
3165,2003,All sides
3166,2003,All sides
3167,2018,All sides
3168,2018,All sides
3169,2018,All sides
3170,2018,All sides
3171,2018,All sides
3222,2020,All sides
3226,2020,All sides
3227,2020,At least 1 side
3227,2016,At least 1 side
3232,2020,All sides
3234,2020,All sides
3235,2020,All sides
3275,2020,All sides
3276,2015,All sides
3277,1988,All sides
3280,2015,All sides
3282,2015,All sides
3283,2015,All sides
3284,2015,All sides
3285,2015,All sides
3287,2015,All sides
3289,2015,All sides
3290,2015,All sides
3291,2015,All sides
3292,2015,All sides
3294,2015,All sides
3295,2008,All sides
3297,2015,All sides
3299,2008,At least 1 side
3302,2015,All sides
3303,2015,All sides
3304,2015,At least 1 side
3305,2015,All sides
3316,2008,At least 1 side
3332,2008,At least 1 side
3368,2020,All sides
3382,2020,All sides
3398,1999,At least 1 side
3399,2020,All sides
3440,2020,At least 1 side
3444,2020,At least 1 side
3445,2020,At least 1 side
3466,2020,At least 1 side
3471,2020,At least 1 side
3476,2020,All sides
3491,2020,All sides
3530,2020,All sides
3540,2020,All sides
3546,2020,All sides
3549,2020,All sides
3556,2020,All sides
3567,2020,All sides
3568,2020,All sides
3577,2020,All sides
3579,2020,All sides
3580,2020,All sides
3582,2020,All sides
3583,2020,All sides
3585,2020,All sides
3588,2020,All sides
3591,2020,All sides
3592,2020,All sides
3594,2020,All sides
3595,2020,All sides
3598,2020,All sides
3603,2020,All sides
3604,2020,All sides
3609,2020,All sides
3610,2020,All sides
3613,2020,All sides
3614,2020,All sides
3616,2020,All sides
3617,2020,All sides
3619,2020,At least 1 side
3620,2020,All sides
3621,2020,All sides
3622,2020,At least 1 side
3624,2020,At least 1 side
3625,2020,At least 1 side
3631,2020,All sides
3637,2020,All sides
3647,2020,At least 1 side
3665,2020,All sides
3684,2020,All sides
3688,2020,All sides
3689,2020,All sides
3705,2020,All sides
3706,2020,All sides
3715,2020,All sides
3721,2020,All sides
3725,2020,All sides
3726,2020,All sides
3730,2020,All sides
3732,2020,All sides
3733,2020,All sides
3734,2020,At least 1 side
3735,2020,All sides
3744,2020,All sides
3749,2020,At least 1 side
3750,2020,All sides
3767,2020,All sides
3786,2020,All sides
3787,2020,All sides
3802,2020,All sides
3803,2020,All sides
3806,2020,All sides
3812,2020,All sides
3814,2013,At least 1 side
3815,2013,At least 1 side
3840,2013,All sides
3847,2020,All sides
3850,2020,All sides
3851,2013,At least 1 side
3853,2020,All sides
3854,2020,At least 1 side
3857,2013,All sides
3859,2013,All sides
3861,2020,All sides
3866,2020,At least 1 side
3867,2020,All sides
3868,2013,All sides
3869,2020,All sides
3875,2020,All sides
3876,2020,At least 1 side
3878,2020,All sides
3879,2020,All sides
3883,2020,All sides
3884,2020,All sides
3890,2020,All sides
3891,2020,All sides
3893,2020,All sides
3899,2020,All sides
3900,2020,All sides
3901,2020,All sides
3902,2020,All sides
3903,2020,All sides
3909,2020,All sides
3917,2020,All sides
3920,2020,All sides
3921,2020,All sides
3924,2020,All sides
3934,2020,All sides
3935,2020,All sides
3937,2020,All sides
3940,2020,All sides
3942,2020,All sides
3945,2020,All sides
3946,2020,All sides
3947,2020,All sides
3953,2017,At least 1 side
3955,2020,All sides
3957,2020,All sides
3961,2020,All sides
3963,2020,All sides
3964,2020,All sides
3968,2020,All sides
3969,2020,All sides
3975,2020,All sides
3979,2020,All sides
3980,2020,All sides
3981,2020,All sides
3987,2020,All sides
3988,2017,All sides
3990,2017,All sides
3992,2020,All sides
4006,2020,All sides
4008,2020,All sides
4017,2020,All sides
4022,2020,All sides
4023,2020,All sides
4039,2020,All sides
4040,2020,All sides
4048,2020,All sides
4050,2020,All sides
4053,2020,All sides
4065,2020,All sides
4068,2020,All sides
4108,2020,All sides
4131,2020,All sides
4132,2017,All sides
4153,2020,All sides
4157,2020,All sides
4162,2020,All sides
4169,2020,All sides
4175,2020,All sides
4177,2020,All sides
4181,2020,All sides
4191,2020,All sides
4194,2020,All sides
4197,2020,At least 1 side
4198,2020,All sides
4199,2020,All sides
4201,2020,All sides
4202,2020,All sides
4206,2020,All sides
4209,2020,All sides
4212,2018,All sides
4213,2022,All sides
4217,2018,All sides
4219,2018,All sides
4221,2020,All sides
4222,2020,All sides
4223,2018,All sides
4224,2018,All sides
4225,2003,All sides
4226,2018,All sides
4227,2018,At least 1 side
4230,2020,All sides
4231,2020,All sides
4233,2018,All sides
4235,2018,At least 1 side
4237,2018,At least 1 side
4253,2018,All sides
4254,2018,All sides
4256,2018,All sides
4259,2018,All sides
4263,2018,All sides
4264,2018,All sides
4265,2018,All sides
4268,2018,All sides
4269,2018,All sides
4271,2018,All sides
4272,2018,All sides
4289,2020,All sides
4290,2020,All sides
4296,2020,At least 1 side
4296,2017,At least 1 side
4297,2020,All sides
4298,2022,All sides
4300,2022,At least 1 side
4310,2020,All sides
4312,2022,All sides
4313,2022,All sides
4314,2022,All sides
4318,2022,At least 1 side
4332,2020,All sides
4333,2015,All sides
4334,2015,At least 1 side
4342,2013,All sides
4343,2013,All sides
4344,2013,All sides
4345,2013,All sides
4346,2013,All sides
4347,2013,All sides
4348,2013,All sides
4349,2013,At least 1 side
4350,2020,All sides
4351,2020,All sides
4352,2020,All sides
4353,2020,All sides
4354,2020,All sides
4355,2020,All sides
4356,2020,All sides
4357,2020,All sides
4358,2020,All sides
4365,2020,All sides
4367,2020,All sides
4369,2020,All sides
4370,2020,All sides
4372,2020,All sides
4375,2020,All sides
4382,2015,At least 1 side
4383,2015,All sides
4384,2015,All sides
4410,2013,At least 1 side
4411,2013,All sides
4412,2020,All sides
4413,2013,At least 1 side
4414,2020,All sides
4415,2020,All sides
4418,2020,All sides
4419,2020,All sides
4420,2020,All sides
4421,2020,All sides
4422,2020,All sides
4423,2020,All sides
4424,2020,All sides
4425,2020,All sides
4426,2020,All sides
4428,2020,At least 1 side
4429,2020,All sides
4432,2020,At least 1 side
4433,2020,All sides
4485,2020,All sides
4486,2020,All sides
4487,2020,All sides
4488,2015,All sides
4491,2020,All sides
4495,2018,At least 1 side
4496,2018,All sides
4497,2018,All sides
4498,2018,All sides
4502,2018,All sides
4517,2020,All sides
4518,2020,All sides
4536,2020,At least 1 side
4536,2016,At least 1 side
4564,2020,All sides
4566,2022,All sides
4575,2008,All sides
4578,2002,At least 1 side
4581,2002,All sides
4583,2002,All sides
4584,2002,At least 1 side
4597,2002,All sides
4602,2020,All sides
4604,2020,All sides
4605,2002,All sides
4607,2002,All sides
4608,2002,All sides
4611,2002,All sides
4612,2002,At least 1 side
4613,2003,At least 1 side
4614,2002,All sides
4615,2020,All sides
4617,2020,All sides
4619,2002,All sides
4622,2002,All sides
4623,2002,All sides
4625,2002,All sides
4626,2002,All sides
4627,2002,At least 1 side
4628,2002,At least 1 side
4629,2020,All sides
4630,2002,All sides
4632,2002,All sides
4634,2002,All sides
4636,2002,All sides
4639,2020,All sides
4640,2020,All sides
4641,2002,All sides
4647,2002,All sides
4648,2002,At least 1 side
4649,2019,All sides
4651,2019,All sides
4655,2019,At least 1 side
4663,2019,At least 1 side
4668,2019,At least 1 side
4675,2020,At least 1 side
4675,2003,At least 1 side
4760,2016,All sides
4801,2007,All sides
4805,2005,At least 1 side
4806,2005,All sides
4821,2002,At least 1 side
4822,2002,All sides
4960,1996,At least 1 side
4960,2011,At least 1 side
5090,2002,All sides
5099,2020,All sides
5146,2018,All sides
5150,2018,All sides
5154,2018,All sides
5155,2018,All sides
5159,2018,All sides
5161,1992,All sides
5165,2018,All sides
5166,2018,All sides
5168,1992,All sides
5183,1992,All sides
5185,1992,All sides
5188,1992,All sides
5195,1992,At least 1 side
5338,1985,All sides
5378,2003,All sides
5379,2003,All sides
5406,2015,At least 1 side
5416,2000,At least 1 side
5455,2002,All sides
5456,2002,All sides
5457,1996,All sides
5463,2002,All sides
5465,2002,All sides
5467,2003,At least 1 side
5468,2003,At least 1 side
5469,2003,At least 1 side
5470,2003,At least 1 side
5472,2020,All sides
5559,1992,At least 1 side
5563,1992,All sides
5565,1992,All sides
5567,1992,All sides
5605,2000,At least 1 side
5635,2021,All sides
5672,2003,All sides
5677,1987,All sides
5678,1987,All sides
5679,1987,All sides
5680,1987,All sides
5683,1987,All sides
5687,1987,All sides
5689,1987,All sides
5690,1987,All sides
5692,1987,All sides
5693,1987,At least 1 side
5693,1987,At least 1 side
5694,1987,All sides
5695,1987,All sides
5696,1987,All sides
5697,1987,All sides
5698,1987,All sides
5700,2013,All sides
5701,1987,At least 1 side
5702,1987,All sides
5704,1987,All sides
5705,1987,All sides
5706,2013,All sides
5707,2013,All sides
5708,1987,All sides
5709,1987,All sides
5710,2013,All sides
5711,2013,All sides
5713,2013,All sides
5716,2013,All sides
5717,1999,All sides
5718,2013,All sides
5722,1999,All sides
5723,2013,All sides
5724,2013,All sides
5725,2013,All sides
5726,2013,All sides
5727,2013,All sides
5728,2013,At least 1 side
5729,2013,All sides
5730,2013,All sides
5731,2013,All sides
5732,2013,All sides
5733,2013,All sides
5734,2013,All sides
5735,2013,All sides
5736,2013,All sides
5737,2013,All sides
5738,2013,All sides
5739,2013,All sides
5740,2013,All sides
5741,1987,All sides
5742,2013,All sides
5743,2013,All sides
5744,2013,All sides
5745,1987,All sides
5746,1987,All sides
5747,1987,All sides
5748,2013,All sides
5749,1996,All sides
5750,2013,All sides
5751,2013,All sides
5752,1996,All sides
5753,2013,All sides
5754,1996,All sides
5755,2013,All sides
5756,1996,All sides
5757,1996,All sides
5758,1987,All sides
5759,1996,All sides
5760,1987,All sides
5761,2013,All sides
5762,1987,All sides
5763,2013,All sides
5764,2013,All sides
5765,2013,All sides
5766,2013,All sides
5767,1987,All sides
5768,2013,All sides
5769,2013,All sides
5770,1987,All sides
5771,2013,All sides
5772,1987,All sides
5773,1987,All sides
5774,2013,All sides
5775,1987,All sides
5776,1996,All sides
5777,1987,All sides
5778,2013,All sides
5779,1987,All sides
5780,1987,All sides
5781,2013,All sides
5782,2013,All sides
5783,2013,All sides
5784,2013,All sides
5785,2013,All sides
5786,2013,All sides
5787,2013,All sides
5788,2013,All sides
5789,2013,At least 1 side
5790,2013,All sides
5791,2013,All sides
5793,2013,All sides
5796,2013,At least 1 side
5797,2013,All sides
5801,2013,All sides
5803,2013,All sides
5805,2013,All sides
5806,2013,All sides
5807,2013,All sides
5808,2013,All sides
5810,2013,All sides
5811,2013,All sides
5812,2013,All sides
5813,2013,All sides
5814,2013,All sides
5815,2013,All sides
5816,2013,All sides
5817,2013,At least 1 side
5818,2013,All sides
5820,2013,All sides
5821,2013,All sides
5822,2013,All sides
5823,2013,At least 1 side
5824,2013,All sides
5825,2013,All sides
5828,2013,All sides
5829,2003,At least 1 side
5859,2017,All sides
5866,1993,All sides
5871,2003,At least 1 side
5871,2003,At least 1 side
5872,2003,All sides
5888,2003,At least 1 side
5890,2003,At least 1 side
5890,2003,At least 1 side
5894,1992,All sides
5897,2003,At least 1 side
5900,2003,At least 1 side
5900,2003,At least 1 side
5901,2003,All sides
5910,2003,At least 1 side
5911,2003,All sides
5915,2008,At least 1 side
5971,2020,At least 1 side
6001,2001,All sides
6070,2010,At least 1 side
6081,2010,All sides
6083,2010,At least 1 side
6084,2010,All sides
6093,2010,All sides
6100,2011,All sides
6101,2011,All sides
6140,2017,All sides
6145,2017,At least 1 side
6214,2018,All sides
6219,2018,All sides
6223,2018,At least 1 side
6225,2008,All sides
6227,2018,At least 1 side
6228,2018,At least 1 side
6230,2018,All sides
6232,2018,All sides
6234,2018,All sides
6235,2017,At least 1 side
6244,2008,All sides
6246,2008,All sides
6249,2018,All sides
6255,2018,All sides
6264,2018,At least 1 side
6288,2003,At least 1 side
6291,2003,All sides
6300,2003,All sides
6302,2017,At least 1 side
6318,2018,All sides
6322,2018,All sides
6339,2018,All sides
6340,2018,At least 1 side
6343,2003,All sides
6347,2018,At least 1 side
6351,2018,At least 1 side
6352,2018,At least 1 side
6362,2018,All sides
6376,2018,All sides
6384,2018,All sides
6404,2003,At least 1 side
6502,2013,All sides
6509,2013,All sides
6511,2003,All sides
6513,1987,All sides
6515,2013,All sides
6523,2003,At least 1 side
6535,2013,All sides
6537,2003,At least 1 side
6538,2001,All sides
6543,2013,All sides
6544,2018,All sides
6561,2012,All sides
6562,2018,All sides
6565,2003,All sides
6602,2018,At least 1 side
6617,2018,At least 1 side
6618,2018,All sides
6622,1992,All sides
6624,2003,At least 1 side
6624,2003,At least 1 side
6625,2003,All sides
6649,2003,All sides
6656,2003,All sides
6657,2013,At least 1 side
6658,2013,All sides
6663,2013,All sides
6664,2013,All sides
6665,2013,All sides
6677,2017,At least 1 side
6684,2013,All sides
6691,2013,At least 1 side
6706,2013,All sides
6707,2013,All sides
6708,2013,All sides
6721,2010,At least 1 side
6722,2010,All sides
6723,2013,All sides
6724,2013,All sides
6725,1987,All sides
6731,2003,All sides
6736,2013,All sides
6737,2013,All sides
6745,1999,All sides
6746,2010,All sides
6749,2010,All sides
6750,2010,All sides
6752,2010,At least 1 side
6755,1999,All sides
6756,2018,At least 1 side
6758,1999,All sides
6759,1999,All sides
6775,2015,At least 1 side
6776,1987,All sides
6777,1987,All sides
6778,1987,All sides
6779,1999,At least 1 side
6782,2018,All sides
6788,1987,All sides
6789,1987,All sides
6790,1987,All sides
6791,1987,All sides
6792,1990,All sides
6798,2018,All sides
6799,2018,At least 1 side
6800,2018,At least 1 side
6804,2018,All sides
6805,2018,All sides
6809,2018,All sides
6810,2018,All sides
6833,2013,All sides
6834,1996,All sides
6835,2013,All sides
6836,2013,All sides
6837,2003,All sides
6838,2003,All sides
6839,2003,All sides
6867,2003,At least 1 side
6868,2003,At least 1 side
6869,1984,At least 1 side
6951,2018,All sides
6952,2018,All sides
6956,2018,All sides
6957,2018,All sides
6958,2018,All sides
6959,2018,All sides
6960,2018,All sides
7004,2018,All sides
7005,2012,At least 1 side
7013,2003,At least 1 side
7021,2013,All sides
7024,2004,All sides
7137,2021,All sides
7178,2021,At least 1 side
7179,2021,All sides
7180,2021,All sides
7183,2021,At least 1 side
7186,2021,All sides
7187,2021,All sides
7188,2021,All sides
7189,2021,All sides
7190,2021,All sides
7192,2021,All sides
7193,2021,All sides
7195,2021,All sides
7196,2021,At least 1 side
7197,2021,All sides
7198,2021,All sides
7200,2021,At least 1 side
7201,2021,All sides
7202,2021,All sides
7203,2021,All sides
7206,2021,All sides
7208,2021,At least 1 side
7212,2021,All sides
7215,2021,All sides
7216,2021,All sides
7217,2021,All sides
7221,2021,All sides
7223,2021,All sides
7225,2021,All sides
7227,2021,All sides
7232,2021,At least 1 side
7233,2021,All sides
7238,2021,All sides
7241,2021,All sides
7250,2021,All sides
7251,2021,All sides
7252,2021,All sides
7253,2021,All sides
7257,2021,All sides
7258,2021,All sides
7259,2021,All sides
7260,2021,At least 1 side
7261,2021,All sides
7262,2019,All sides
7263,2021,All sides
7264,2021,All sides
7265,2019,At least 1 side
7266,2021,All sides
7267,2021,All sides
7268,2021,All sides
7269,2021,All sides
7270,2021,All sides
7271,2021,All sides
7272,2021,All sides
7273,2021,All sides
7279,2021,All sides
7281,2021,At least 1 side
7285,2021,All sides
7286,2021,All sides
7289,2021,All sides
7290,2021,All sides
7291,2021,All sides
7293,2021,All sides
7294,2021,All sides
7295,2021,All sides
7296,2021,All sides
7297,2021,All sides
7298,2021,All sides
7299,2021,All sides
7300,2021,All sides
7301,2021,All sides
7302,2021,All sides
7303,2021,All sides
7304,2021,All sides
7305,2021,All sides
7307,2021,All sides
7309,2021,All sides
7310,2021,All sides
7311,2021,All sides
7312,2021,All sides
7313,2021,All sides
7315,2021,All sides
7316,2021,All sides
7318,2021,All sides
7323,2021,All sides
7327,2014,All sides
7330,2014,At least 1 side
7331,1992,All sides
7333,2021,At least 1 side
7338,1992,All sides
7341,1992,All sides
7343,2017,At least 1 side
7352,2014,All sides
7414,2014,All sides
7430,2014,At least 1 side
7455,2014,All sides
7460,2004,All sides
7470,2021,At least 1 side
7472,1992,All sides
7474,2021,At least 1 side
7483,2004,All sides
7484,2014,All sides
7486,2004,At least 1 side
7488,2004,All sides
7489,2004,All sides
7493,2004,All sides
7598,2021,All sides
7633,2021,At least 1 side
7634,2021,All sides
7636,2021,All sides
7638,2021,All sides
7639,2021,All sides
7642,2021,All sides
7644,2021,All sides
7645,2021,All sides
7649,2021,All sides
7650,2021,All sides
7651,2021,All sides
7652,2021,All sides
7653,2021,All sides
7657,2021,All sides
7661,2021,All sides
7663,2021,All sides
7665,2021,All sides
7667,2021,All sides
7669,2021,All sides
7670,2021,All sides
7673,2021,All sides
7679,2021,At least 1 side
7683,2021,All sides
7684,2021,All sides
7685,2021,All sides
7689,2021,All sides
7694,2021,All sides
7701,2021,At least 1 side
7705,2021,All sides
7706,2021,All sides
7707,2021,All sides
7708,2021,All sides
7709,2021,All sides
7710,2021,All sides
7711,2021,All sides
7712,2021,All sides
7713,2021,All sides
7714,2021,All sides
7715,2021,All sides
7716,2021,All sides
7717,2021,At least 1 side
7718,2021,All sides
7719,2021,All sides
7720,2021,At least 1 side
7722,2021,All sides
7723,2021,All sides
7724,2021,At least 1 side
7726,2021,All sides
7731,2021,All sides
7733,2021,All sides
7734,2021,All sides
7735,2021,All sides
7736,2021,All sides
7737,2021,All sides
7739,2021,All sides
7740,2021,All sides
7741,2021,All sides
7742,2021,All sides
7743,2021,All sides
7744,2021,All sides
7745,2021,All sides
7746,2021,All sides
7747,2021,All sides
7748,2021,All sides
7749,2021,All sides
7750,2021,All sides
7751,2021,All sides
7752,2021,All sides
7753,2021,All sides
7754,2021,All sides
7755,2021,All sides
7756,2021,All sides
7757,2021,All sides
7758,2021,At least 1 side
7759,2021,All sides
7760,2021,All sides
7761,2021,All sides
7762,1992,All sides
7763,2021,All sides
7764,2021,All sides
7766,2021,All sides
7767,2021,All sides
7769,2021,All sides
7770,2021,All sides
7771,2021,All sides
7772,2021,At least 1 side
7773,2021,All sides
7774,2021,All sides
7776,2021,All sides
7777,2021,All sides
7778,2021,All sides
7779,2021,All sides
7780,2021,All sides
7781,2021,All sides
7782,2021,All sides
7783,2021,All sides
7784,2021,All sides
7785,2021,All sides
7786,2021,All sides
7787,2021,All sides
7788,2021,All sides
7789,2021,All sides
7790,2021,All sides
7792,2021,All sides
7793,2021,All sides
7794,2021,All sides
7795,2021,All sides
7796,2021,All sides
7797,2021,All sides
7798,2021,All sides
7799,2021,All sides
7800,2021,All sides
7801,2021,All sides
7802,2021,All sides
7803,2021,All sides
7804,2021,All sides
7805,2021,All sides
7806,2021,All sides
7807,2021,All sides
7808,2021,All sides
7809,2021,All sides
7810,2021,All sides
7813,1992,All sides
7814,2021,At least 1 side
7815,2021,All sides
7816,2021,All sides
7817,2021,At least 1 side
7818,2021,All sides
7819,2021,At least 1 side
7820,2021,All sides
7821,2021,At least 1 side
7822,2021,All sides
7824,2021,All sides
7825,2021,All sides
7826,2021,All sides
7828,2021,All sides
7829,2021,All sides
7830,2021,All sides
7831,2021,All sides
7832,2021,All sides
7833,2021,All sides
7834,2021,All sides
7835,1992,All sides
7836,1992,All sides
7837,2021,All sides
7839,2021,All sides
7840,2021,All sides
7841,2021,All sides
7842,2021,All sides
7843,2021,All sides
7844,2004,All sides
7845,2021,All sides
7846,2021,All sides
7847,2021,All sides
7848,2004,All sides
7849,1992,All sides
7850,2021,All sides
7851,2021,All sides
7852,1992,All sides
7853,2021,All sides
7854,2021,All sides
7855,2004,All sides
7856,2021,All sides
7857,2021,All sides
7858,2021,All sides
7859,2004,All sides
7860,2021,All sides
7861,2021,All sides
7862,2021,All sides
7863,2021,All sides
7864,2021,At least 1 side
7865,2021,All sides
7866,2021,All sides
7867,2021,All sides
7868,2021,All sides
7869,2021,All sides
7870,2021,All sides
7871,2021,All sides
7872,2021,All sides
7873,2021,All sides
7875,2004,At least 1 side
7876,2021,All sides
7877,2021,All sides
7878,2021,All sides
7879,2021,All sides
7880,2021,All sides
7881,2021,All sides
7882,2021,All sides
7883,2021,All sides
7884,2021,All sides
7885,2021,All sides
7886,2021,All sides
7887,2021,All sides
7890,2021,All sides
7893,2021,All sides
7894,2021,All sides
7895,2021,All sides
7896,2021,All sides
7897,2021,All sides
7898,2021,All sides
7899,2021,All sides
7900,2021,All sides
7902,2021,All sides
7903,2021,All sides
7905,2021,All sides
7907,2021,All sides
7908,2021,All sides
7909,2021,All sides
7911,2021,All sides
7912,2021,All sides
7913,2021,All sides
7914,2021,All sides
7915,2021,All sides
7916,2021,All sides
7917,2021,All sides
7918,2021,All sides
7919,2021,All sides
7920,2021,All sides
7921,2021,All sides
7922,2021,All sides
7923,2021,All sides
7924,2021,At least 1 side
7925,2021,All sides
7926,2021,All sides
7928,2021,All sides
7929,2021,All sides
7930,2021,All sides
7931,2021,All sides
7932,2021,All sides
7933,2021,All sides
7934,2021,All sides
7935,2021,All sides
7936,1992,All sides
7937,2021,All sides
7938,2021,All sides
7939,2021,At least 1 side
7940,2021,At least 1 side
7941,2021,All sides
7942,2021,All sides
7943,2021,All sides
7944,2021,All sides
7945,1992,All sides
7946,2021,All sides
7948,2021,All sides
7949,1992,All sides
7951,2021,All sides
7952,2021,All sides
7954,1992,All sides
7955,2021,All sides
7959,2021,All sides
7961,2021,At least 1 side
7963,2021,At least 1 side
7964,2021,All sides
7967,2021,All sides
7971,2021,At least 1 side
7974,2021,All sides
7977,2021,All sides
7983,2021,At least 1 side
7984,1992,All sides
7986,1992,All sides
7988,2021,All sides
7992,1992,All sides
7998,1992,All sides
7999,1992,All sides
8005,2014,At least 1 side
8010,1992,At least 1 side
8012,2014,All sides
8013,2014,All sides
8090,2022,All sides
8132,2014,All sides
8148,2014,All sides
8158,2020,All sides
8205,2014,At least 1 side
8207,2014,All sides
8210,2014,At least 1 side
8212,2014,At least 1 side
8228,2001,All sides
8231,2001,All sides
8275,2021,All sides
8278,2021,All sides
8279,2021,All sides
8280,2021,All sides
8281,2021,At least 1 side
8284,2021,At least 1 side
8285,2021,All sides
8286,2021,All sides
8287,2021,At least 1 side
8288,2021,All sides
8289,2021,All sides
8290,2021,At least 1 side
8291,2021,All sides
8292,2021,At least 1 side
8294,2021,At least 1 side
8298,2021,At least 1 side
8305,2007,All sides
8307,2021,All sides
8311,2007,All sides
8318,2021,All sides
8340,2007,All sides
8359,2007,All sides
8369,2002,At least 1 side
8499,2001,All sides
8510,2008,All sides
8529,1986,At least 1 side
8534,2018,At least 1 side
8553,2001,All sides
8554,2001,All sides
8607,1994,All sides
8713,1999,All sides
8717,1999,All sides
8720,1999,All sides
8725,1999,All sides
8765,1994,At least 1 side
8773,1994,All sides
8775,1994,All sides
8787,1999,All sides
8788,1999,All sides
8789,1999,All sides
8790,1999,All sides
8791,1999,All sides
8814,2007,At least 1 side
8820,1986,At least 1 side
8821,1986,At least 1 side
8828,1994,All sides
8829,1994,All sides
8874,2000,All sides
8876,2000,All sides
8877,2021,At least 1 side
8881,2021,All sides
8883,2021,All sides
8884,2021,All sides
8885,2021,At least 1 side
8886,2021,All sides
8887,2021,All sides
8888,2021,All sides
8890,2021,All sides
8892,2021,All sides
8898,2021,All sides
8901,2021,All sides
8902,2021,All sides
8903,2021,All sides
8904,2021,All sides
8905,2021,All sides
8907,2021,All sides
8908,2021,All sides
8909,2021,All sides
8910,2021,All sides
8912,2021,All sides
8913,2021,All sides
8915,2021,All sides
8918,2021,All sides
8920,2021,All sides
8922,2021,All sides
8923,2021,All sides
8924,2021,All sides
8926,2021,All sides
8927,2021,All sides
8928,2020,At least 1 side
8929,2021,All sides
8930,2021,All sides
8933,2021,All sides
8934,2021,All sides
8937,2021,All sides
8939,2021,All sides
8940,2021,All sides
8941,2021,All sides
8942,2021,All sides
8943,2021,All sides
8944,2021,All sides
8945,2021,All sides
8946,2021,All sides
8947,2021,All sides
8948,2021,All sides
8949,2021,All sides
8950,2021,All sides
8951,2021,All sides
8952,2021,All sides
8953,2021,All sides
8954,2021,All sides
8955,2021,All sides
8957,2021,All sides
8958,2021,All sides
8959,2021,All sides
8961,2021,All sides
8962,2021,All sides
8963,2021,All sides
8964,2021,All sides
8969,2021,All sides
8970,2021,All sides
8971,2021,All sides
8972,2021,All sides
8973,2021,At least 1 side
8974,2021,All sides
8976,2021,All sides
8979,2021,All sides
8981,2021,All sides
8982,2021,At least 1 side
8983,2021,At least 1 side
8984,2021,All sides
8985,2021,All sides
8986,2021,All sides
8988,2021,All sides
8990,2021,All sides
8992,2021,All sides
8995,2021,All sides
8997,2021,All sides
8998,2021,All sides
8999,2021,All sides
9001,2021,All sides
9002,2021,All sides
9005,2021,All sides
9006,2021,All sides
9007,2021,All sides
9008,2021,All sides
9013,2021,All sides
9014,2021,At least 1 side
9015,2021,At least 1 side
9016,2021,All sides
9019,2021,At least 1 side
9022,2021,All sides
9023,2021,All sides
9024,2021,All sides
9025,2012,At least 1 side
9025,2021,At least 1 side
9026,2012,All sides
9027,2021,All sides
9028,2021,All sides
9034,2021,All sides
9036,2012,All sides
9038,1997,All sides
9039,1997,All sides
9042,2012,All sides
9043,2012,All sides
9044,2021,All sides
9048,2012,All sides
9049,2012,All sides
9052,1984,All sides
9054,1984,All sides
9056,2012,All sides
9057,2021,At least 1 side
9058,2021,All sides
9059,1985,All sides
9063,2021,All sides
9066,2021,All sides
9068,2021,All sides
9072,2009,At least 1 side
9073,2021,At least 1 side
9078,1987,All sides
9082,2021,All sides
9085,2021,At least 1 side
9086,1987,All sides
9092,2004,All sides
9093,1987,All sides
9098,1987,At least 1 side
9099,1992,All sides
9100,2008,All sides
9101,2008,At least 1 side
9106,2000,All sides
9107,2021,At least 1 side
9111,2021,All sides
9112,2021,All sides
9113,2021,All sides
9114,2000,All sides
9117,2021,All sides
9118,2021,All sides
9119,2021,All sides
9120,2021,All sides
9121,2021,All sides
9122,2021,All sides
9123,2021,All sides
9124,2021,All sides
9125,2021,All sides
9126,2021,All sides
9128,2021,All sides
9133,2020,All sides
9135,2021,All sides
9137,2021,All sides
9139,2021,All sides
9140,2021,All sides
9141,2021,All sides
9142,2021,All sides
9143,2021,All sides
9144,2021,All sides
9147,2021,At least 1 side
9150,2021,All sides
9152,2021,All sides
9154,2021,All sides
9156,2021,All sides
9157,2021,All sides
9158,2021,All sides
9159,2021,All sides
9160,2021,All sides
9161,2021,All sides
9162,2021,All sides
9164,2021,All sides
9166,2021,All sides
9170,2021,All sides
9174,2021,All sides
9175,2021,At least 1 side
9176,2021,All sides
9177,2021,All sides
9178,2012,All sides
9180,2012,All sides
9182,2021,All sides
9183,1984,All sides
9185,2012,All sides
9186,2012,All sides
9187,2021,At least 1 side
9188,2021,All sides
9189,2021,At least 1 side
9190,1985,All sides
9191,2018,All sides
9192,2018,At least 1 side
9193,2018,At least 1 side
9194,2018,At least 1 side
9196,2021,All sides
9199,2021,All sides
9204,2021,All sides
9206,2009,At least 1 side
9209,2021,All sides
9211,2002,All sides
9219,1987,All sides
9221,1987,All sides
9223,1987,All sides
9240,1987,All sides
9242,1992,All sides
9245,2014,All sides
9248,1996,At least 1 side
9249,2008,All sides
9251,2021,All sides
9252,2012,All sides
9253,2000,All sides
9256,2012,All sides
9258,2021,At least 1 side
9259,2021,All sides
9260,2021,All sides
9261,2021,All sides
9264,2021,All sides
9265,2018,At least 1 side
9267,2002,At least 1 side
9272,2008,All sides
9274,2012,All sides
9275,2021,All sides
9276,2021,All sides
9279,2001,All sides
9280,2001,All sides
9282,2001,All sides
9284,2001,All sides
9286,2001,All sides
9287,2001,All sides
9289,2001,All sides
9294,2016,At least 1 side
9335,2012,All sides
9336,2012,All sides
9337,2012,All sides
9339,2012,All sides
9346,2020,All sides
9347,2020,All sides
9348,2001,All sides
9357,2017,All sides
9365,2017,All sides
9368,2012,At least 1 side
9376,2016,At least 1 side
9402,2020,All sides
9407,2020,All sides
9408,2020,At least 1 side
9409,2020,All sides
9410,2020,All sides
9411,2020,All sides
9412,2020,All sides
9413,2020,All sides
9414,2020,All sides
9415,2020,All sides
9416,2020,All sides
9417,2020,All sides
9418,2020,All sides
9419,2008,All sides
9420,2020,All sides
9421,2020,All sides
9422,2020,All sides
9423,2020,All sides
9424,2020,All sides
9425,2020,All sides
9426,2020,All sides
9427,2020,All sides
9428,2020,At least 1 side
9429,2020,All sides
9430,2020,All sides
9432,2020,All sides
9433,2020,All sides
9434,2020,All sides
9438,2020,All sides
9440,2020,At least 1 side
9441,2020,All sides
9442,2020,All sides
9443,2020,All sides
9444,2020,All sides
9445,2020,At least 1 side
9446,2020,All sides
9447,2020,All sides
9448,2020,All sides
9450,2020,All sides
9453,2020,All sides
9455,2020,All sides
9456,2020,All sides
9461,2020,All sides
9463,2020,All sides
9467,2020,All sides
9468,2020,At least 1 side
9469,2020,At least 1 side
9471,2020,At least 1 side
9472,2020,At least 1 side
9476,2020,All sides
9479,2020,All sides
9480,2020,At least 1 side
9481,2020,All sides
9485,2020,All sides
9486,2020,All sides
9490,2020,At least 1 side
9491,2021,All sides
9492,2021,All sides
9493,2021,All sides
9494,2021,All sides
9495,2021,All sides
9500,1987,At least 1 side
9500,2021,At least 1 side
9501,2021,All sides
9502,2021,All sides
9505,2019,All sides
9506,1987,All sides
9507,2019,At least 1 side
9508,2021,All sides
9509,2021,All sides
9510,1987,All sides
9511,2021,All sides
9512,2007,All sides
9513,2021,All sides
9514,1987,All sides
9515,1987,All sides
9516,1987,All sides
9517,2012,All sides
9518,2021,All sides
9519,2007,All sides
9520,2007,All sides
9521,2007,At least 1 side
9522,2021,All sides
9523,2007,At least 1 side
9524,2006,At least 1 side
9525,2021,All sides
9526,2007,All sides
9527,2007,All sides
9528,2006,At least 1 side
9529,2007,All sides
9532,2021,All sides
9533,2021,All sides
9534,2007,All sides
9535,2007,All sides
9538,2007,All sides
9540,2007,All sides
9543,2007,All sides
9552,2007,All sides
9553,2007,All sides
9554,2007,All sides
9555,2007,All sides
9556,2007,All sides
9557,2007,All sides
9558,2007,All sides
9559,2007,All sides
9560,2007,All sides
9561,2007,All sides
9562,2007,All sides
9563,2007,All sides
9564,2021,All sides
9565,2007,At least 1 side
9565,2001,At least 1 side
9565,2021,At least 1 side
9566,2007,All sides
9567,2007,All sides
9568,2007,At least 1 side
9569,2007,All sides
9570,2007,All sides
9571,2007,All sides
9572,2007,All sides
9573,2007,All sides
9574,2007,All sides
9575,2007,All sides
9576,2007,All sides
9577,2021,All sides
9578,2007,All sides
9579,2012,All sides
9580,2021,All sides
9583,2007,All sides
9584,2007,At least 1 side
9585,2007,All sides
9586,2007,At least 1 side
9586,2019,At least 1 side
9587,2006,All sides
9588,2006,All sides
9589,2006,At least 1 side
9590,2020,All sides
9592,2020,All sides
9593,2020,All sides
9594,2020,All sides
9595,2020,All sides
9596,2020,All sides
9597,2008,All sides
9598,2008,All sides
9599,2008,All sides
9600,2008,All sides
9601,2008,All sides
9602,2008,All sides
9603,2008,All sides
9610,2020,At least 1 side
9611,2020,All sides
9612,2020,All sides
9613,2020,At least 1 side
9614,2020,All sides
9615,2020,All sides
9616,2020,All sides
9617,2020,All sides
9621,1999,All sides
9630,2020,All sides
9631,2020,All sides
9632,2020,All sides
9633,2020,All sides
9634,2020,All sides
9635,2020,All sides
9636,2020,All sides
9637,2020,All sides
9638,2020,All sides
9639,2020,All sides
9640,2020,All sides
9641,2020,All sides
9655,2018,All sides
9657,2020,All sides
9661,2008,All sides
9664,2017,At least 1 side
9666,2017,At least 1 side
9669,2017,All sides
9705,2020,All sides
9706,2021,All sides
9707,2021,All sides
9708,2021,All sides
9709,2021,All sides
9710,2021,All sides
9711,2021,At least 1 side
9712,2021,All sides
9713,2021,All sides
9714,2021,All sides
9715,2021,All sides
9716,2021,All sides
9717,2021,All sides
9719,2011,All sides
9721,2011,All sides
9722,2020,All sides
9723,2020,All sides
9725,2011,All sides
9731,2011,All sides
9735,2011,At least 1 side
9737,2020,At least 1 side
9737,2018,At least 1 side
9742,2018,All sides
9743,2020,All sides
9744,2020,At least 1 side
9744,2022,At least 1 side
9745,2022,All sides
9746,2022,All sides
9747,2020,All sides
9751,2011,All sides
9753,2011,At least 1 side
9754,2020,All sides
9755,2022,At least 1 side
9756,2020,At least 1 side
9756,2022,At least 1 side
9757,2020,At least 1 side
9757,2022,At least 1 side
9759,2022,All sides
9760,2020,All sides
9762,2020,All sides
9764,2020,At least 1 side
9765,2011,At least 1 side
9765,2021,At least 1 side
9767,2020,All sides
9768,2022,All sides
9769,2022,All sides
9771,2022,All sides
9772,2020,All sides
9776,2020,At least 1 side
9776,2022,At least 1 side
9777,2020,All sides
9778,2020,At least 1 side
9781,2020,All sides
9784,2020,At least 1 side
9784,2022,At least 1 side
9785,2020,All sides
9789,2020,All sides
9790,2020,All sides
9791,2020,All sides
9792,2020,All sides
9796,2020,All sides
9801,2020,All sides
9804,2020,All sides
9806,2003,At least 1 side
9807,2020,All sides
9809,2020,At least 1 side
9825,2020,At least 1 side
9842,2020,At least 1 side
9846,2013,At least 1 side
9852,2020,At least 1 side
9852,1988,At least 1 side
9853,2013,At least 1 side
9855,2009,All sides
9858,2009,All sides
9859,2009,All sides
9862,2009,All sides
9864,2020,All sides
9873,2009,All sides
9901,2020,All sides
9914,2020,All sides
9937,1992,All sides
9938,2001,At least 1 side
9939,2001,At least 1 side
9940,1992,At least 1 side
9951,2001,At least 1 side
9952,2020,At least 1 side
9952,1992,At least 1 side
9958,2001,All sides
9967,2001,At least 1 side
9970,2001,At least 1 side
9973,2001,At least 1 side
9990,2020,All sides
9991,2020,At least 1 side
9994,2020,All sides
10001,2020,All sides
10003,2020,All sides
10006,2020,All sides
10010,1991,At least 1 side
10012,2020,All sides
10013,1991,At least 1 side
10017,2020,At least 1 side
10017,1993,At least 1 side
10023,2020,All sides
10040,2013,At least 1 side
10046,1994,At least 1 side
10049,2021,All sides
10058,1996,All sides
10059,1996,All sides
10060,1996,All sides
10061,1996,All sides
10062,1996,All sides
10065,2021,At least 1 side
10066,1996,All sides
10067,2021,All sides
10069,2021,At least 1 side
10074,1996,All sides
10076,2021,All sides
10082,1996,All sides
10094,1996,All sides
10097,1996,All sides
10098,1996,All sides
10100,2015,All sides
10106,1996,At least 1 side
10131,2021,At least 1 side
10134,2021,All sides
10147,2021,All sides
10157,2021,All sides
10164,2020,All sides
10184,1992,At least 1 side
10191,1992,At least 1 side
10193,2021,All sides
10196,1992,At least 1 side
10199,1992,All sides
10228,1996,All sides
10240,1996,All sides
10241,1996,All sides
10250,1996,All sides
10269,1996,All sides
10292,2021,All sides
10296,2021,All sides
10297,2021,At least 1 side
10308,2021,All sides
10310,2003,At least 1 side
10314,2021,At least 1 side
10326,2021,All sides
10339,2021,All sides
10368,2008,All sides
10369,2008,All sides
10379,2021,All sides
10406,2021,All sides
10413,2021,All sides
10418,2021,All sides
10436,1987,All sides
10439,2021,All sides
10443,2008,All sides
10448,2008,All sides
10449,2021,All sides
10454,2021,All sides
10456,2021,All sides
10458,2021,All sides
10459,2021,All sides
10460,2021,All sides
10461,2021,All sides
10463,2021,All sides
10464,1987,All sides
10465,1987,All sides
10472,2021,All sides
10476,1987,All sides
10481,2021,All sides
10482,2021,All sides
10483,2021,All sides
10486,2021,All sides
10488,1996,All sides
10489,1996,All sides
10490,2021,All sides
10491,2021,All sides
10492,2021,At least 1 side
10501,2021,At least 1 side
10503,2021,All sides
10508,2021,At least 1 side
10509,1987,At least 1 side
10514,2021,All sides
10517,1996,At least 1 side
10522,1996,All sides
10523,2021,At least 1 side
10524,1996,All sides
10525,2021,At least 1 side
10526,1996,At least 1 side
10527,1996,All sides
10528,2021,At least 1 side
10534,2010,At least 1 side
10538,2021,At least 1 side
10541,1996,All sides
10543,2021,At least 1 side
10544,1996,At least 1 side
10545,1996,At least 1 side
10596,2021,All sides
10679,2021,All sides
10688,2003,All sides
10689,2021,All sides
10690,2003,All sides
10694,2003,All sides
10695,2003,All sides
10712,2020,All sides
10715,2020,At least 1 side
10723,2003,All sides
10725,2003,All sides
10733,2003,At least 1 side
10735,2003,All sides
10736,1997,At least 1 side
10738,1997,At least 1 side
10742,2003,At least 1 side
10742,1999,At least 1 side
10743,1997,At least 1 side
10746,1999,All sides
10760,1999,At least 1 side
10794,2006,At least 1 side
10794,2006,At least 1 side
10795,2010,All sides
10802,2006,At least 1 side
10843,2005,All sides
10847,2005,All sides
10854,2005,All sides
10865,2005,All sides
10868,1993,All sides
10870,2005,At least 1 side
10873,2005,At least 1 side
10873,2015,At least 1 side
10877,2005,At least 1 side
10888,2005,At least 1 side
10916,2015,At least 1 side
10925,2005,All sides
10926,2015,At least 1 side
10939,2015,At least 1 side
10963,2015,At least 1 side
11018,2008,All sides
11031,2008,At least 1 side
11040,2008,All sides
11042,2008,All sides
11046,2008,At least 1 side
11050,2008,All sides
11056,2008,All sides
11061,2008,All sides
11071,2008,All sides
11073,2008,All sides
11075,2002,All sides
11094,2008,All sides
11119,2006,At least 1 side
11130,1985,At least 1 side
11131,1985,All sides
11133,2001,At least 1 side
11137,2001,All sides
11142,2001,All sides
11144,2001,All sides
11145,2001,All sides
11151,2001,All sides
11152,1985,At least 1 side
11165,1988,At least 1 side
11168,1988,At least 1 side
11240,2002,At least 1 side
11244,2002,All sides
11245,2002,At least 1 side
11247,2002,All sides
11349,2022,All sides
11350,2017,All sides
11353,2017,All sides
11354,2017,All sides
11357,2017,All sides
11359,2017,At least 1 side
11360,2017,All sides
11362,2017,At least 1 side
11364,2017,At least 1 side
11366,2017,All sides
11369,2017,All sides
11374,2017,All sides
11376,2017,At least 1 side
11378,2017,All sides
11382,2007,At least 1 side
11411,2016,At least 1 side
11415,1995,All sides
11420,2016,At least 1 side
11424,1995,All sides
11426,1995,At least 1 side
11435,1995,All sides
11447,2017,At least 1 side
11448,1986,At least 1 side
11457,1986,At least 1 side
11457,2017,At least 1 side
11459,1995,At least 1 side
11459,2017,At least 1 side
11460,1999,At least 1 side
11462,1999,At least 1 side
11465,2017,All sides
11468,1999,At least 1 side
11476,2017,At least 1 side
11477,2017,All sides
11481,2017,All sides
11489,2017,At least 1 side
11492,2017,At least 1 side
11493,1999,All sides
11496,2017,All sides
11501,2017,At least 1 side
11503,1999,All sides
11504,2017,All sides
11505,2017,All sides
11507,1999,At least 1 side
11510,2017,All sides
11519,2017,All sides
11522,2017,All sides
11523,1992,All sides
11524,2022,At least 1 side
11526,2001,At least 1 side
11526,2022,At least 1 side
11527,2001,All sides
11528,1985,All sides
11529,1994,All sides
11530,2022,All sides
11533,1985,All sides
11536,2001,All sides
11538,1985,All sides
11539,2017,All sides
11540,1994,All sides
11542,2022,All sides
11544,1988,All sides
11547,2017,All sides
11548,1988,All sides
11550,2017,All sides
11551,2017,At least 1 side
11553,2017,All sides
11555,1994,All sides
11557,1985,All sides
11559,1994,All sides
11562,2018,At least 1 side
11565,2022,At least 1 side
11566,2017,At least 1 side
11567,1987,At least 1 side
11568,2017,At least 1 side
11570,2004,All sides
11571,1987,At least 1 side
11572,2017,At least 1 side
11573,1987,At least 1 side
11573,2017,At least 1 side
11576,2004,All sides
11577,1987,At least 1 side
11579,1987,At least 1 side
11584,1987,All sides
11585,1987,All sides
11588,1987,All sides
11591,1987,At least 1 side
11594,2009,All sides
11595,1994,All sides
11599,2004,All sides
11600,1987,All sides
11601,1994,All sides
11605,2009,All sides
11607,2011,All sides
11610,2009,All sides
11612,2009,All sides
11613,1987,At least 1 side
11618,2004,All sides
11620,2017,At least 1 side
11622,2009,All sides
11623,1987,At least 1 side
11623,2017,At least 1 side
11626,2016,At least 1 side
11627,2017,At least 1 side
11629,2009,All sides
11630,2017,At least 1 side
11643,2009,All sides
11647,1990,All sides
11649,1991,All sides
11654,2022,At least 1 side
11666,1990,All sides
11670,1984,At least 1 side
11673,1985,At least 1 side
11683,1984,At least 1 side
11689,1991,All sides
11703,2014,All sides
11716,2014,At least 1 side
11720,1991,All sides
11724,2014,At least 1 side
11725,2014,At least 1 side
11731,2014,All sides
11743,1990,At least 1 side
11743,2014,At least 1 side
11747,2016,At least 1 side
11752,1996,At least 1 side
11758,2009,All sides
11764,2009,At least 1 side
11775,2014,All sides
11778,1988,All sides
11780,2009,All sides
11783,2009,All sides
11786,2012,At least 1 side
11787,2013,All sides
11790,2009,All sides
11791,2012,All sides
11793,2012,All sides
11794,1988,All sides
11795,1988,At least 1 side
11796,1988,All sides
11797,2012,All sides
11799,1988,All sides
11800,2012,All sides
11801,2014,All sides
11802,1988,At least 1 side
11802,1988,At least 1 side
11803,1988,All sides
11804,1988,At least 1 side
11806,2012,All sides
11807,2012,All sides
11808,1988,At least 1 side
11808,1988,At least 1 side
11810,2014,All sides
11815,1988,All sides
11816,2013,All sides
11817,2012,All sides
11818,2014,All sides
11819,1988,All sides
11821,2012,All sides
11823,2014,All sides
11824,2012,All sides
11828,1988,All sides
11829,2011,All sides
11839,1988,All sides
11845,2013,All sides
11851,2013,All sides
11854,1988,At least 1 side
11865,2013,All sides
11877,2013,All sides
11891,1987,All sides
11902,2003,At least 1 side
11910,1996,All sides
11912,1996,At least 1 side
11914,2013,All sides
11917,2013,All sides
11918,2013,All sides
11929,2013,All sides
11931,2020,All sides
11937,2020,All sides
11938,2013,All sides
11939,2013,All sides
11941,2013,All sides
11942,2013,All sides
11943,2013,All sides
11945,2013,All sides
11948,2020,All sides
11949,2013,All sides
11954,2013,All sides
11956,2013,All sides
11957,2020,All sides
11960,2013,All sides
11962,2020,All sides
11963,2020,All sides
11964,2003,All sides
11968,2003,All sides
11972,2013,All sides
11981,2020,All sides
11984,2013,All sides
11986,2020,All sides
11994,2015,At least 1 side
11998,2015,At least 1 side
12000,2013,All sides
12001,2013,All sides
12002,2021,All sides
12005,2015,All sides
12006,2015,All sides
12007,2013,All sides
12008,2021,All sides
12014,2021,All sides
12015,2021,All sides
12016,2013,All sides
12018,2021,All sides
12020,2021,All sides
12021,2015,All sides
12023,2013,All sides
12024,2003,All sides
12025,2021,All sides
12028,2013,All sides
12029,2013,All sides
12034,2002,All sides
12037,2003,All sides
12038,2013,All sides
12040,2020,At least 1 side
12041,2013,All sides
12042,2013,All sides
12043,2013,All sides
12044,2020,All sides
12045,2021,At least 1 side
12047,2021,All sides
12048,2013,All sides
12049,2021,At least 1 side
12050,2013,All sides
12051,2020,All sides
12052,2021,At least 1 side
12053,2013,All sides
12054,2002,All sides
12055,2013,All sides
12060,2021,At least 1 side
12062,2020,At least 1 side
12064,2021,All sides
12065,2013,All sides
12067,2021,At least 1 side
12071,2020,At least 1 side
12072,2002,All sides
12080,2021,At least 1 side
12081,2020,At least 1 side
12082,2013,All sides
12083,2013,All sides
12085,2002,At least 1 side
12086,2013,All sides
12087,2013,All sides
12091,2013,All sides
12092,2013,All sides
12094,2020,All sides
12099,2013,All sides
12100,2013,All sides
12101,2020,At least 1 side
12101,2002,At least 1 side
12103,2002,All sides
12112,2020,All sides
12114,2020,At least 1 side
12115,2013,All sides
12119,1996,All sides
12123,2013,All sides
12124,2013,All sides
12130,2020,At least 1 side
12140,2013,All sides
12141,2013,All sides
12145,2013,All sides
12147,1996,All sides
12149,2013,All sides
12150,2013,All sides
12153,2020,All sides
12154,2020,All sides
12156,2013,All sides
12161,1996,All sides
12163,2013,All sides
12164,1992,At least 1 side
12169,2020,At least 1 side
12169,1999,At least 1 side
12170,1996,All sides
12172,2013,All sides
12173,2013,All sides
12174,2013,All sides
12176,2020,All sides
12185,1996,All sides
12186,2020,All sides
12189,2020,At least 1 side
12192,1996,At least 1 side
12192,2009,At least 1 side
12193,2013,All sides
12197,1996,All sides
12199,2013,All sides
12200,1996,All sides
12201,2013,All sides
12202,1996,All sides
12208,1996,All sides
12217,2013,All sides
12218,2013,All sides
12220,2013,All sides
12222,1996,All sides
12223,2013,All sides
12230,2013,All sides
12231,2013,All sides
12233,1999,All sides
12234,1999,All sides
12237,2013,All sides
12243,2010,At least 1 side
12243,1999,At least 1 side
12246,2010,All sides
12247,2013,At least 1 side
12247,1996,At least 1 side
12247,2009,At least 1 side
12247,2010,At least 1 side
12249,2010,All sides
12252,2013,All sides
12255,2010,All sides
12257,2013,All sides
12259,2013,All sides
12265,2013,All sides
12270,2013,All sides
12272,2013,All sides
12274,2013,All sides
12277,2013,At least 1 side
12278,2013,All sides
12279,2013,All sides
12281,2013,All sides
12282,2013,All sides
12283,2013,All sides
12286,2013,All sides
12287,2013,All sides
12288,2013,All sides
12289,2013,All sides
12290,2013,All sides
12291,2013,All sides
12292,2013,All sides
12293,2013,All sides
12294,2013,All sides
12296,1994,All sides
12298,2013,All sides
12299,2013,All sides
12300,2013,All sides
12301,2013,All sides
12302,2013,All sides
12304,2013,All sides
12306,2013,All sides
12308,2013,All sides
12310,2013,All sides
12311,2013,All sides
12312,2013,All sides
12313,2013,All sides
12319,1985,All sides
12321,2013,All sides
12322,2013,All sides
12323,2013,All sides
12324,2013,All sides
12325,2013,All sides
12326,2013,All sides
12327,1985,At least 1 side
12329,2013,All sides
12330,1987,All sides
12331,2013,All sides
12334,2013,All sides
12335,2013,All sides
12339,2013,All sides
12341,2013,All sides
12343,1988,All sides
12344,2013,All sides
12345,2013,All sides
12347,2013,All sides
12348,2013,All sides
12349,2013,All sides
12350,2022,All sides
12351,1988,All sides
12352,2013,All sides
12357,2022,At least 1 side
12361,2013,All sides
12362,2013,All sides
12363,1988,At least 1 side
12364,1988,All sides
12365,2013,All sides
12366,2013,All sides
12367,2013,All sides
12369,2013,All sides
12370,1988,At least 1 side
12371,2013,All sides
12372,2013,All sides
12375,2013,All sides
12376,2013,All sides
12379,2022,At least 1 side
12381,2022,At least 1 side
12384,2013,All sides
12385,2013,All sides
12386,2013,All sides
12392,1988,All sides
12396,1988,All sides
12397,1988,At least 1 side
12403,2022,All sides
12404,1988,All sides
12406,1988,At least 1 side
12407,2013,All sides
12408,2004,At least 1 side
12409,2021,At least 1 side
12410,2022,At least 1 side
12411,2013,All sides
12414,2013,All sides
12415,1988,At least 1 side
12418,2002,All sides
12419,2005,All sides
12428,2021,At least 1 side
12429,1988,All sides
12433,2010,All sides
12438,2021,All sides
12441,2006,All sides
12443,2010,At least 1 side
12461,2006,All sides
12478,2010,At least 1 side
12480,2010,At least 1 side
12482,2006,All sides
12487,2006,All sides
12488,2006,All sides
12491,2006,All sides
12492,2006,All sides
12493,2006,All sides
12497,1987,At least 1 side
12502,2006,All sides
12506,2013,All sides
12507,2006,All sides
12510,2005,All sides
12512,1987,All sides
12515,1987,All sides
12516,1985,All sides
12517,2013,All sides
12518,2006,All sides
12523,2013,All sides
12526,2006,All sides
12527,2006,All sides
12528,2006,All sides
12529,1987,All sides
12531,1985,All sides
12534,2006,All sides
12540,1987,All sides
12541,2013,All sides
12542,1987,All sides
12543,2013,All sides
12544,2013,All sides
12547,2013,All sides
12548,2005,At least 1 side
12548,1985,At least 1 side
12548,1996,At least 1 side
12550,2006,At least 1 side
12550,1987,At least 1 side
12557,2006,At least 1 side
12557,1987,At least 1 side
12558,1987,All sides
12564,2013,At least 1 side
12574,2013,At least 1 side
12583,2013,All sides
12597,2013,All sides
12632,2003,All sides
12634,2003,All sides
12710,2002,At least 1 side
12906,2020,At least 1 side
12918,2021,All sides
12926,2021,All sides
12927,2020,At least 1 side
12927,2007,At least 1 side
12927,2004,At least 1 side
12927,2002,At least 1 side
12927,1996,At least 1 side
12927,2017,At least 1 side
12946,2020,All sides
12957,2021,At least 1 side
12984,2020,At least 1 side
13006,2021,All sides
13008,2022,All sides
13010,2021,All sides
13011,2021,All sides
13012,2006,At least 1 side
13030,2012,At least 1 side
13031,2017,All sides
13043,1999,All sides
13048,2001,All sides
13049,2001,All sides
13052,2020,All sides
13060,2001,At least 1 side
13061,1987,All sides
13084,2021,At least 1 side
13086,1987,At least 1 side
13088,2000,At least 1 side
13090,2008,At least 1 side
13093,1998,At least 1 side
13094,1990,All sides
13095,2021,All sides
13096,2000,All sides
13099,2002,All sides
13100,2002,All sides
13101,2003,At least 1 side
13102,2005,At least 1 side
13102,2008,At least 1 side
13103,2003,At least 1 side
13105,2005,At least 1 side
13105,2003,At least 1 side
13105,2003,At least 1 side
13105,2006,At least 1 side
13107,2005,At least 1 side
13107,2006,At least 1 side
13108,2020,All sides
13110,2020,All sides
13112,2020,All sides
13113,2020,All sides
13114,2017,At least 1 side
13119,2015,All sides
13120,2008,At least 1 side
13141,2020,All sides
13142,2020,All sides
13143,2017,At least 1 side
13148,2020,At least 1 side
13154,2022,All sides
13155,2013,At least 1 side
13155,2022,At least 1 side
13156,2018,At least 1 side
13156,2022,At least 1 side
13157,2018,All sides
13158,2018,All sides
13161,1989,At least 1 side
13177,2020,All sides
13178,2003,At least 1 side
13178,2018,At least 1 side
13179,2013,At least 1 side
13181,2017,At least 1 side
13181,2018,At least 1 side
13182,2002,At least 1 side
13183,2002,At least 1 side
13185,2002,At least 1 side
13188,2002,At least 1 side
13189,2019,At least 1 side
13207,2016,At least 1 side
13235,2001,At least 1 side
13235,2016,At least 1 side
13236,2016,All sides
13237,2021,At least 1 side
13252,2015,All sides
13253,2015,All sides
13255,2008,All sides
13256,1987,All sides
13257,1987,All sides
13258,1987,All sides
13259,2013,All sides
13260,1987,All sides
13262,2013,All sides
13264,2013,All sides
13266,1987,All sides
13281,2017,At least 1 side
13295,1987,All sides
13302,2021,All sides
13303,2021,All sides
13304,2021,All sides
13306,2021,All sides
13317,2021,All sides
13318,2021,All sides
13325,2021,At least 1 side
13327,1995,At least 1 side
13331,2007,At least 1 side
13332,2007,At least 1 side
13353,1999,At least 1 side
13359,1994,At least 1 side
13362,1994,At least 1 side
13363,1994,At least 1 side
13364,1994,All sides
13366,1994,All sides
13368,2014,At least 1 side
13371,1990,At least 1 side
13372,2021,All sides
13382,1992,At least 1 side
13387,2008,All sides
13389,2020,All sides
13390,2018,All sides
13391,2001,All sides
13392,2001,All sides
13397,2018,All sides
13403,2022,At least 1 side
13405,2012,All sides
13406,2017,At least 1 side
13413,1987,All sides
13414,2007,At least 1 side
13414,2021,At least 1 side
13415,2007,All sides
13416,2007,All sides
13418,2013,All sides
13446,2020,All sides
13454,2016,At least 1 side
13456,2017,At least 1 side
13457,2017,At least 1 side
13473,1988,At least 1 side
13474,2002,At least 1 side
13474,1988,At least 1 side
13475,2022,At least 1 side
13492,2020,At least 1 side
13493,2020,At least 1 side
13495,2001,All sides
13496,2003,At least 1 side
13497,2011,At least 1 side
13497,2015,At least 1 side
13498,1989,At least 1 side
13504,2021,At least 1 side
13505,2021,At least 1 side
13506,2021,All sides
13508,2021,All sides
13512,2021,All sides
13514,2021,At least 1 side
13550,2006,At least 1 side
13565,2021,At least 1 side
13567,2021,All sides
13568,2021,All sides
13570,2021,All sides
13572,2021,All sides
13580,1997,At least 1 side
13581,2020,All sides
13582,2007,At least 1 side
13582,2019,At least 1 side
13583,1997,At least 1 side
13593,2006,At least 1 side
13596,2003,At least 1 side
13608,2017,At least 1 side
13620,2022,At least 1 side
13621,2022,All sides
13622,2020,At least 1 side
13627,1996,All sides
13631,1992,At least 1 side
13657,2008,All sides
13664,1985,At least 1 side
13664,1988,At least 1 side
13676,2017,All sides
13682,2009,At least 1 side
13685,2013,All sides
13702,2020,All sides
13703,2020,All sides
13707,1996,All sides
13710,1994,All sides
13711,2001,All sides
13713,2021,All sides
13716,1988,At least 1 side
13717,2006,All sides
13720,2020,All sides
13723,2018,All sides
13724,2015,All sides
13730,2013,All sides
13738,2014,All sides
13745,2005,At least 1 side
13745,2019,At least 1 side
13746,2009,At least 1 side
13748,2002,All sides
13750,2003,All sides
13753,2006,All sides
13759,2021,All sides
13760,2021,All sides
13761,2021,All sides
13763,2021,At least 1 side
13769,2021,At least 1 side
13771,2021,At least 1 side
13794,2008,All sides
13797,2020,At least 1 side
13823,2014,At least 1 side
13824,2014,At least 1 side
13837,2018,All sides
13847,2008,At least 1 side
13848,2008,At least 1 side
13848,2014,At least 1 side
13849,2014,All sides
13850,2014,All sides
13851,2014,All sides
13852,2014,All sides
13853,2014,All sides
13854,2014,All sides
13855,2014,All sides
13856,2014,All sides
13857,2014,At least 1 side
13863,1987,At least 1 side
13864,1992,At least 1 side
13864,1987,At least 1 side
13864,1987,At least 1 side
13864,2014,At least 1 side
13865,2014,At least 1 side
13867,1988,At least 1 side
13867,2014,At least 1 side
13893,1992,At least 1 side
13894,1992,At least 1 side
13896,2014,At least 1 side
13907,2002,At least 1 side
13909,2002,At least 1 side
13910,2002,All sides
13912,2002,At least 1 side
13913,2002,All sides
13932,2021,All sides
13935,2021,All sides
13937,2021,All sides
13938,2021,All sides
13939,2021,All sides
13940,2021,All sides
13941,2021,All sides
13943,2021,All sides
13944,2021,All sides
13945,2021,All sides
13948,2021,All sides
13951,2021,All sides
13952,2021,All sides
13958,2021,At least 1 side
13967,2021,All sides
13968,2021,At least 1 side
13969,2021,At least 1 side
13970,2021,At least 1 side
13971,2021,At least 1 side
13973,2021,At least 1 side
13975,2021,All sides
13981,2002,All sides
13982,2008,All sides
13983,2003,At least 1 side
13983,2003,At least 1 side
13983,2006,At least 1 side
13983,2008,At least 1 side
13983,2009,At least 1 side
13983,2019,At least 1 side
13984,2020,All sides
14053,1990,All sides
14054,1990,All sides
14055,1990,All sides
14056,1990,All sides
14057,1990,All sides
14058,1990,All sides
14059,1990,All sides
14060,1990,All sides
14061,2021,All sides
14062,2021,All sides
14063,2021,All sides
14064,2016,All sides
14065,2021,All sides
14066,2021,All sides
14067,2021,All sides
14068,2020,All sides
14069,2020,All sides
14070,2020,All sides
14071,2020,At least 1 side
14072,2020,All sides
14073,2020,All sides
14074,2020,All sides
14075,2020,All sides
14076,2020,At least 1 side
14077,2020,All sides
14078,2020,All sides
14079,2020,All sides
14080,2020,All sides
14081,2020,All sides
14082,2020,At least 1 side
14083,2020,All sides
14084,2020,All sides
14085,2020,All sides
14086,2020,All sides
14087,2020,All sides
14088,2020,All sides
14089,2020,All sides
14090,2020,All sides
14091,2020,All sides
14092,2020,All sides
14093,2020,All sides
14094,2020,All sides
14095,2011,All sides
14096,2020,All sides
14105,2021,All sides
14106,2021,All sides
14107,2021,At least 1 side
14108,2021,All sides
14109,2021,All sides
14110,2021,All sides
14111,2021,At least 1 side
14112,2021,All sides
14114,2008,All sides
14124,2021,At least 1 side
14125,2021,All sides
14126,2021,All sides
14127,2021,All sides
14128,2021,All sides
14129,2021,All sides
14130,2021,All sides
14131,2021,All sides
14132,2021,All sides
14133,2021,All sides
14134,2021,At least 1 side
14139,2004,All sides
14140,2004,All sides
14171,1987,At least 1 side
14172,1987,At least 1 side
14173,1987,All sides
14187,2020,At least 1 side
14188,2021,All sides
14189,2021,All sides
14190,2019,All sides
14191,2019,All sides
14192,2019,At least 1 side
14193,2007,All sides
14195,1987,All sides
14196,2007,All sides
14197,2007,All sides
14198,2007,All sides
14199,2001,All sides
14208,2021,At least 1 side
14209,2021,All sides
14210,2021,At least 1 side
14211,2004,All sides
14212,2020,At least 1 side
14213,2020,At least 1 side
14214,2020,All sides
14215,2020,All sides
14216,2020,All sides
14217,2020,All sides
14218,2018,All sides
14220,2012,All sides
14221,2012,All sides
14229,2017,At least 1 side
14238,2019,All sides
14239,2019,At least 1 side
14240,2021,At least 1 side
14241,2021,All sides
14242,2021,All sides
14243,2021,All sides
14244,2021,All sides
14245,2021,All sides
14246,2021,All sides
14247,1987,All sides
14248,1987,All sides
14249,2021,At least 1 side
14250,2012,At least 1 side
14250,2019,At least 1 side
14250,2021,At least 1 side
14251,1999,At least 1 side
14252,2021,All sides
14253,2019,All sides
14254,2015,At least 1 side
14256,2020,At least 1 side
14295,2021,At least 1 side
14296,2021,At least 1 side
14297,2021,All sides
14298,2021,All sides
14299,2021,All sides
14301,2021,At least 1 side
14303,2004,All sides
14304,2004,At least 1 side
14304,1992,At least 1 side
14305,1992,At least 1 side
14306,1992,At least 1 side
14307,1992,At least 1 side
14308,1992,All sides
14309,1992,All sides
14310,1992,All sides
14313,1992,All sides
14314,2021,At least 1 side
14315,2021,All sides
14316,2021,All sides
14317,2021,All sides
14318,2021,All sides
14319,2021,All sides
14320,2021,All sides
14321,2021,All sides
14322,2021,All sides
14323,2021,All sides
14324,2021,All sides
14325,2021,All sides
14326,2021,All sides
14337,2021,All sides
14338,2021,All sides
14341,2004,At least 1 side
14342,2004,At least 1 side
14343,2004,All sides
14344,2004,At least 1 side
14350,2018,At least 1 side
14351,2018,All sides
14352,2018,All sides
14354,2020,At least 1 side
14355,2020,At least 1 side
14356,2020,At least 1 side
14371,2020,All sides
14373,2020,At least 1 side
14376,2020,At least 1 side
14380,2020,All sides
14381,2020,All sides
14382,1999,All sides
14383,2020,All sides
14384,2020,All sides
14385,2020,All sides
14386,2020,All sides
14387,2020,All sides
14388,2020,All sides
14389,2020,All sides
14390,2020,All sides
14391,2020,All sides
14392,2020,All sides
14393,2020,All sides
14394,2020,All sides
14395,2020,All sides
14396,2020,All sides
14397,2020,All sides
14398,2020,All sides
14399,2020,All sides
14400,2020,All sides
14401,2020,All sides
14425,2006,All sides
14430,1994,At least 1 side
14430,2002,At least 1 side
14435,2002,At least 1 side
14495,2021,At least 1 side
14496,1984,At least 1 side
14496,2021,At least 1 side
14497,2021,At least 1 side
14498,2021,All sides
14506,2021,All sides
14507,2021,All sides
14508,2021,All sides
14510,2021,All sides
14511,2021,All sides
14512,2021,All sides
14515,2021,All sides
14516,2021,All sides
14517,2021,All sides
14518,2021,All sides
14519,2021,All sides
14520,2021,All sides
14521,2021,All sides
14522,2021,All sides
14523,2021,All sides
14524,2021,All sides
14525,2021,All sides
14526,2021,All sides
14528,2021,All sides
14532,2021,All sides
14533,2021,All sides
14534,2021,All sides
14535,2021,All sides
14536,2021,All sides
14537,2021,All sides
14540,2021,At least 1 side
14543,2021,All sides
14544,2007,All sides
14545,2001,At least 1 side
14546,2007,All sides
14551,2021,All sides
14553,2021,At least 1 side
14554,2021,All sides
14555,2021,All sides
14556,2021,All sides
14557,2021,All sides
14558,2021,All sides
14561,2021,All sides
14566,2021,All sides
14567,2021,All sides
14568,2021,All sides
14577,2020,All sides
14578,2020,All sides
14579,2021,All sides
14580,2021,All sides
14581,2021,All sides
14582,2021,All sides
14583,2021,All sides
14584,2021,All sides
14585,2019,All sides
14586,2019,All sides
14587,2007,All sides
14588,2019,All sides
14589,2019,All sides
14590,2007,All sides
14591,2007,All sides
14592,2007,All sides
14593,2007,All sides
14594,2007,All sides
14595,2007,All sides
14596,2007,All sides
14597,2007,All sides
14598,2007,All sides
14603,2021,All sides
14618,2020,All sides
14619,2020,All sides
14620,2021,All sides
14621,2007,At least 1 side
14621,2004,At least 1 side
14621,2017,At least 1 side
14621,2021,At least 1 side
14632,2001,All sides
14633,2001,All sides
14641,2008,At least 1 side
14642,2007,All sides
14643,2020,All sides
14644,2007,All sides
14645,2021,All sides
14646,2020,At least 1 side
14646,2007,At least 1 side
14647,2021,All sides
14662,1992,All sides
14663,1992,All sides
14680,2018,All sides
14681,2018,All sides
14682,2018,At least 1 side
14690,2017,At least 1 side
14697,2012,All sides
14709,2020,All sides
14710,2020,At least 1 side
14711,2020,All sides
14719,2020,At least 1 side
14719,2018,At least 1 side
14721,2020,At least 1 side
14721,2018,At least 1 side
14726,2000,All sides
14728,2020,At least 1 side
14728,2018,At least 1 side
14728,2021,At least 1 side
14729,1996,At least 1 side
14729,2017,At least 1 side
14736,2010,All sides
14737,2010,All sides
14738,2010,All sides
14741,2010,All sides
14742,2010,All sides
14751,2021,All sides
14752,2021,All sides
14753,2021,All sides
14754,2021,All sides
14755,2021,All sides
14757,2021,All sides
14799,2021,At least 1 side
14800,2021,All sides
14880,1987,All sides
14883,2010,At least 1 side
14883,1988,At least 1 side
14883,2021,At least 1 side
14884,2021,All sides
14885,1988,All sides
14886,2010,All sides
14887,1999,At least 1 side
14887,2010,At least 1 side
14887,1988,At least 1 side
14888,2010,At least 1 side
14888,1988,At least 1 side
14888,2021,At least 1 side
14889,1988,All sides
15015,1988,All sides
15017,2014,At least 1 side
15082,2018,All sides
15084,2020,At least 1 side
15086,1992,At least 1 side
15088,2000,At least 1 side
15089,2000,At least 1 side
15094,2008,All sides
15105,2017,At least 1 side
15106,2017,At least 1 side
15107,2000,At least 1 side
15108,2020,All sides
15109,2020,All sides
15110,2020,All sides
15111,2020,All sides
15112,2020,All sides
15116,1984,At least 1 side
15205,2020,At least 1 side
15207,2021,At least 1 side
15209,1984,At least 1 side
15210,1984,At least 1 side
15210,2021,At least 1 side
15227,2020,All sides
15228,2020,All sides
15229,2020,All sides
15230,2020,All sides
15231,2020,All sides
15232,1994,All sides
15235,1999,All sides
15237,2017,At least 1 side
15237,2021,At least 1 side
15239,2021,All sides
15240,2021,All sides
15241,2021,All sides
15242,2021,All sides
15243,2021,All sides
15244,2021,All sides
15245,2021,All sides
15246,2021,All sides
15247,2021,All sides
15248,2021,At least 1 side
15249,1987,All sides
15250,2021,All sides
15251,2007,All sides
15252,2007,All sides
15253,2007,All sides
15254,2007,All sides
15255,2021,All sides
15256,2021,At least 1 side
15257,2021,At least 1 side
15276,2015,At least 1 side
15277,1998,At least 1 side
15280,2018,At least 1 side
15302,1996,All sides
15312,2018,At least 1 side
15316,2008,All sides
15319,1990,All sides
15340,2020,All sides
15342,2020,At least 1 side
15391,2020,At least 1 side
15391,2003,At least 1 side
15393,1992,At least 1 side
15397,2021,All sides
15408,1988,At least 1 side
15408,2001,At least 1 side
15413,2020,All sides
15420,2021,All sides
15427,2018,At least 1 side
15429,2021,At least 1 side
15434,2021,All sides
15437,1985,All sides
15438,2020,All sides
15468,2021,At least 1 side
15520,2021,All sides
15525,2002,All sides
15562,2001,At least 1 side
15585,2021,All sides
15586,2021,All sides
15587,2021,All sides
15590,2021,All sides
15591,2021,All sides
15592,2000,All sides
15601,2021,All sides
15606,2021,All sides
15607,2002,At least 1 side
15609,2021,All sides
15610,2002,All sides
15618,2021,All sides
15653,2021,All sides
15654,2021,All sides
15655,2021,All sides
15676,2020,All sides
15729,2021,All sides
15731,2020,All sides
15744,2009,All sides
15748,1987,At least 1 side
15756,2020,All sides
15793,2015,All sides
15820,2003,At least 1 side
15822,2021,All sides
15875,1997,At least 1 side
15875,1994,At least 1 side
15875,1987,At least 1 side
15875,2009,At least 1 side
15875,2011,At least 1 side
15875,2021,At least 1 side
15879,2002,All sides
15901,2022,All sides
15904,2018,At least 1 side
15906,2022,At least 1 side
15916,2021,All sides
15929,2021,All sides
15930,1987,At least 1 side
15930,2018,At least 1 side
15930,2021,At least 1 side
15930,2021,At least 1 side
15931,2021,At least 1 side
15991,2019,At least 1 side
16012,1995,At least 1 side
16061,2008,At least 1 side
16062,2008,At least 1 side
16064,2020,All sides
16069,2006,At least 1 side
16082,2021,All sides
16083,2021,All sides
16084,2021,All sides
16085,2021,All sides
16086,2021,All sides
16095,2021,All sides
16096,2021,All sides
16097,2021,All sides
16098,2021,All sides
16099,2021,All sides
16100,2021,All sides
16101,2021,All sides
16102,2021,All sides
16103,2021,All sides
16104,2021,All sides
16105,2021,All sides
16106,2021,All sides
16107,2021,All sides
16108,2012,At least 1 side
16109,2012,All sides
16118,2021,All sides
16126,2021,All sides
16127,2021,All sides
16130,2015,At least 1 side
16131,2015,All sides
16155,2008,At least 1 side
16158,2008,At least 1 side
16160,2008,All sides
16161,2008,At least 1 side
16162,2008,All sides
16186,2007,At least 1 side
16186,2019,At least 1 side
16187,2019,All sides
16207,2021,All sides
16208,2021,All sides
16210,1992,At least 1 side
16214,2021,All sides
16215,2021,All sides
16218,2021,All sides
16219,2021,All sides
16220,2021,All sides
16221,2021,All sides
16222,2021,All sides
16229,2021,All sides
16230,2021,All sides
16233,2021,All sides
16234,2021,All sides
16235,2021,All sides
16236,2021,All sides
16237,2021,All sides
16238,2021,All sides
16239,2021,All sides
16240,2021,All sides
16242,2021,All sides
16243,2021,All sides
16244,2021,All sides
16245,2021,All sides
16246,2021,All sides
16247,2021,All sides
16248,2021,All sides
16249,2021,All sides
16250,2021,All sides
16251,2021,All sides
16252,2021,All sides
16253,2021,All sides
16254,2021,All sides
16255,2021,All sides
16256,2021,All sides
16257,2021,All sides
16258,2021,All sides
16259,2021,All sides
16260,2021,All sides
16261,2021,All sides
16262,2021,All sides
16263,2021,All sides
16264,2021,All sides
16265,2021,All sides
16266,2021,All sides
16270,2021,At least 1 side
16272,2021,At least 1 side
16273,2021,All sides
16276,2021,At least 1 side
16282,2021,All sides
16283,2021,All sides
16284,2020,At least 1 side
16284,2000,At least 1 side
16284,2012,At least 1 side
16284,2021,At least 1 side
16285,2021,All sides
16286,2021,All sides
16287,2021,All sides
16295,2021,All sides
16296,2021,All sides
16299,2021,All sides
16300,2021,All sides
16301,2004,All sides
16303,2021,All sides
16304,2021,All sides
16305,2021,All sides
16306,2021,All sides
16307,2021,All sides
16308,2021,All sides
16309,2021,All sides
16310,2021,All sides
16311,2021,All sides
16312,2021,All sides
16313,2021,All sides
16316,2021,All sides
16317,2021,All sides
16318,2019,At least 1 side
16318,2021,At least 1 side
16319,2021,All sides
16320,2021,All sides
16321,2021,All sides
16322,2021,All sides
16323,2021,All sides
16324,2021,All sides
16325,2021,At least 1 side
16326,2021,All sides
16327,2021,All sides
16328,2021,All sides
16329,1994,At least 1 side
16335,2021,All sides
16336,2021,All sides
16337,2021,All sides
16338,2021,All sides
16339,2021,All sides
16340,2021,All sides
16341,2021,All sides
16342,2021,All sides
16343,2021,All sides
16344,2021,All sides
16345,2021,All sides
16346,2021,All sides
16347,2021,All sides
16348,2021,All sides
16349,2021,All sides
16350,2021,All sides
16351,2021,All sides
16352,2021,All sides
16353,2021,All sides
16354,2021,All sides
16355,2021,All sides
16356,2021,All sides
16357,2021,All sides
16358,2021,All sides
16360,2021,All sides
16413,2021,All sides
16414,2021,All sides
16415,2021,All sides
16416,2021,All sides
16417,2021,All sides
16423,2020,At least 1 side
16423,2020,At least 1 side
16423,2007,At least 1 side
16423,1994,At least 1 side
16423,1996,At least 1 side
16423,1996,At least 1 side
16423,2006,At least 1 side
16423,2021,At least 1 side
16441,2021,All sides
16442,2021,All sides
16443,2019,At least 1 side
16443,2021,At least 1 side
16447,2021,All sides
16448,2021,All sides
16449,2021,All sides
16450,2021,At least 1 side
16451,2021,At least 1 side
16452,2021,At least 1 side
16463,1995,At least 1 side
16464,1995,At least 1 side
16465,2020,At least 1 side
16480,1984,At least 1 side
16492,2003,At least 1 side
16497,2003,At least 1 side
16497,2003,At least 1 side
16501,2020,All sides
16515,2020,All sides
16517,2021,All sides
16518,2020,All sides
16519,2020,All sides
16523,2015,All sides
16538,2017,At least 1 side
16549,2021,All sides
16550,2021,All sides
16551,2021,All sides
16552,2021,At least 1 side
16553,2021,All sides
16554,2021,All sides
16555,2021,All sides
16556,2021,All sides
16557,2021,All sides
16558,2021,All sides
16559,2021,At least 1 side
16560,2021,All sides
16561,2021,All sides
16562,2021,All sides
16563,2021,All sides
16564,2021,All sides
16565,2020,At least 1 side
16565,2021,At least 1 side
16594,2021,All sides
16597,2021,At least 1 side
16598,2021,All sides
16599,2021,All sides
16600,1992,At least 1 side
16600,2021,At least 1 side
16602,2021,All sides
16603,2021,All sides
16604,2021,All sides
16605,2021,All sides
16606,2021,All sides
16607,2021,All sides
16608,2021,All sides
16609,2021,All sides
16610,2021,All sides
16611,2021,All sides
16612,2021,All sides
16613,2021,All sides
16614,2021,All sides
16615,2021,All sides
16616,2021,All sides
16617,2021,All sides
16618,2021,All sides
16619,2021,All sides
16620,2021,All sides
16621,2021,All sides
16622,2021,All sides
16623,2021,All sides
16624,2021,All sides
16625,2021,All sides
16626,2021,All sides
16627,2021,All sides
16628,2021,All sides
16629,2021,All sides
16630,2021,All sides
16631,2021,All sides
16632,2021,All sides
16633,2021,All sides
16634,2021,All sides
16635,2021,All sides
16636,2021,All sides
16637,2021,All sides
16638,2021,All sides
16639,2021,All sides
16640,2021,All sides
16641,2021,All sides
16642,2021,All sides
16643,2021,All sides
16644,2021,All sides
16645,2021,All sides
16646,2021,All sides
16647,2021,All sides
16648,2021,All sides
16649,2021,All sides
16650,2021,All sides
16651,2021,All sides
16652,2021,All sides
16653,2021,All sides
16654,2021,All sides
16655,2021,All sides
16656,2021,All sides
16657,2021,All sides
16658,2021,All sides
16659,2021,All sides
16660,2021,All sides
16661,2021,All sides
16662,2021,All sides
16663,2021,All sides
16664,2021,All sides
16665,2021,All sides
16666,2021,All sides
16667,2021,All sides
16668,2021,All sides
16669,2021,All sides
16670,2021,All sides
16671,2021,All sides
16672,2021,All sides
16673,2021,All sides
16674,2021,All sides
16675,2021,All sides
16676,2021,All sides
16677,2021,All sides
16678,2021,All sides
16679,2021,All sides
16680,2021,All sides
16681,2021,All sides
16682,2021,All sides
16683,2021,All sides
16684,2021,All sides
16685,2021,All sides
16686,2021,All sides
16687,2021,All sides
16688,2021,All sides
16689,2021,All sides
16690,2021,All sides
16691,2021,All sides
16692,2021,All sides
16693,2021,All sides
16694,2021,All sides
16695,2021,All sides
16696,2021,All sides
16697,1999,All sides
16698,1999,All sides
16699,1999,All sides
16700,2021,All sides
16701,2021,All sides
16702,2021,All sides
16703,2021,All sides
16704,2021,All sides
16705,1999,All sides
16706,1999,All sides
16707,1999,All sides
16708,2021,All sides
16709,2021,All sides
16710,2021,All sides
16711,2021,All sides
16712,2021,All sides
16713,2021,All sides
16714,2021,All sides
16715,2021,All sides
16716,2021,All sides
16717,2021,All sides
16718,2021,All sides
16719,2021,All sides
16720,2021,All sides
16721,2021,All sides
16722,2020,All sides
16723,2020,All sides
16741,2021,All sides
16742,2021,All sides
16743,2021,All sides
16744,2021,All sides
16745,2021,All sides
16746,1990,All sides
16747,2021,All sides
16748,2021,All sides
16749,2021,All sides
16750,2021,All sides
16751,2021,All sides
16752,2021,All sides
16753,2021,All sides
16754,2021,All sides
16755,2021,All sides
16756,2021,All sides
16757,2021,All sides
16758,2021,All sides
16759,2021,All sides
16760,2021,All sides
16761,2021,All sides
16762,2021,All sides
16763,2021,All sides
16764,2021,All sides
16765,2021,All sides
16766,2021,All sides
16767,2021,All sides
16768,2019,All sides
16769,2019,All sides
16770,2007,All sides
16771,2021,All sides
16772,2020,All sides
16773,2020,All sides
16774,2020,All sides
16775,2007,All sides
16776,2020,All sides
16797,2021,At least 1 side
16800,2021,At least 1 side
16811,2009,At least 1 side
16812,2022,At least 1 side
16813,2017,All sides
16814,2017,All sides
16815,2017,All sides
16822,2019,At least 1 side
16833,2017,At least 1 side
16839,2001,All sides
16843,2020,At least 1 side
16843,1997,At least 1 side
16844,2020,At least 1 side
16845,2020,All sides
16846,2020,All sides
16848,2020,At least 1 side
16850,1986,All sides
16851,1986,At least 1 side
16852,1986,At least 1 side
16853,1986,At least 1 side
16857,2019,At least 1 side
16858,2019,At least 1 side
16859,2019,At least 1 side
16864,1986,At least 1 side
16865,1986,At least 1 side
16866,1986,All sides
16867,1986,At least 1 side
16868,2010,At least 1 side
16870,2009,At least 1 side
16875,1986,All sides
16876,1986,At least 1 side
16879,2020,At least 1 side
16880,2020,All sides
16889,2010,At least 1 side
16892,2007,At least 1 side
16893,1998,At least 1 side
16896,2011,At least 1 side
16954,2021,All sides
16957,2021,All sides
16958,2021,All sides
17018,2017,At least 1 side
17019,2017,All sides
17022,2021,All sides
17023,2021,All sides
17024,2021,All sides
17025,2021,All sides
17026,2021,All sides
17027,2021,All sides
17028,2021,All sides
17029,2021,All sides
17030,2021,All sides
17031,2021,All sides
17032,2021,All sides
17033,2021,All sides
17034,2021,All sides
17035,2021,All sides
17036,2021,All sides
17037,2021,All sides
17038,2021,All sides
17039,2021,All sides
17040,2021,All sides
17041,2021,All sides
17042,2021,All sides
17044,2021,All sides
17045,2021,All sides
17050,2021,All sides
17051,2021,All sides
17052,2021,All sides
17053,2021,All sides
17056,2021,At least 1 side
17057,2021,All sides
17058,2021,All sides
17059,2021,All sides
17060,2021,All sides
17061,2021,All sides
17062,2019,All sides
17063,2019,All sides
17064,2019,All sides
17065,2019,All sides
17066,2019,All sides
17067,2021,All sides
17079,2021,All sides
17080,2021,All sides
17081,2021,All sides
17082,2021,All sides
17083,2021,All sides
17084,2021,All sides
17085,2021,All sides
17086,2021,All sides
17087,2021,All sides
17088,2021,All sides
17089,2021,All sides
17090,2021,All sides
17091,2021,All sides
17092,2021,All sides
17104,2021,All sides
17105,2021,All sides
17117,2020,At least 1 side
17118,2020,At least 1 side
17118,1985,At least 1 side
17118,2003,At least 1 side
17118,2018,At least 1 side
17122,1986,At least 1 side
17122,1996,At least 1 side
17124,2001,At least 1 side
17140,2021,At least 1 side
17141,2021,At least 1 side
17144,2005,At least 1 side
17145,2017,At least 1 side
17149,1985,At least 1 side
17150,1985,All sides
17152,1999,At least 1 side
17158,2017,At least 1 side
17161,2021,All sides
17162,2021,At least 1 side
17163,1988,At least 1 side
17163,2021,At least 1 side
17164,2017,All sides
17171,2021,All sides
